DF_ID,common_name,Year_approx,Year_exact,Month,Day,Time,Lat_source,Lon_source,Elev_source,Lat_impact,Lon_impact,Elev_impact,Impact_type,Country,Province,River_Basin,Trigger,Precursor,Source_LC,Alt_hazard_source,Cascading_effects,Area_erosion,Volume,Discharge,Ref_scientific,Ref_other,,
9,,2020,2020,5,2,,NA,NA,NA,35.456737,68.27744,1150,Observation,Afghanistan,Baghlan,,,,,,,,,,,,,
2,NA,1941,1941,NA,NA,NA,35.531609,68.331556,1350,35.52681,68.34303,1072,Reports,Afghanistan,Baghlan,,unknown,,hillslope,,,,,,(this study),technical report,,
4,NA,1961,1961,NA,NA,NA,35.567041,68.380629,1280,35.5584,68.38735,1024,Observation,Afghanistan,Baghlan,,unknown,,hillslope,,,,,,(this study),technical report,,
7,,2020,2020,8,25,NA,NA,NA,NA,35.031659,69.16785,1590,Observation,Afghanistan,Parwan,,rainfall,,hillslope,,,,,,,https://blogs.agu.org/landslideblog/2020/08/28/charikar-debris-flows-1/,,
6,Pishkandah,2018,2018,7,11,,35.471115,69.624574,4495,35.396,69.694,2109,,Afghanistan,Panjshir,Panjshir,glacier melt,,"lake, rock glacier",GLOF,landslide dammed lake,,,,Shrestha et al 2023,,,
10,Bam Tanab,2021,2021,7,4,,35.46015,69.63869,4416,35.396,69.694,2109,,Afghanistan,Panjshir,Panjshir,glacier melt,,"lake, rock glacier",GLOF,,,25000,,Shrestha et al 2023,,,
8,,2020,2020,5,27,,38.089287,70.605404,3490,38.116466,70.612241,2050,Observation,Afghanistan,Badakhshan,,,,,,,,,,,,,
3,NA,1942,1942,NA,NA,NA,NA,NA,NA,38.442681,70.81668,1306,Reports,Afghanistan,Badakhshan,,,,hillslope,,,,,,(this study),technical report,,
5,Gandukh,2013,2013,9,9,,36.474746,71.128953,4593,36.428243,71.293178,2800,,Afghanistan,Badakhshan,Sanglich,glacier melt,,lake,GLOF,,,4000000,,Shrestha et al 2023,,,
1,NA,1920,1920,NA,NA,NA,36.480302,71.289206,3635,36.47306,71.324921,2722,Observation,Afghanistan,Badakhshan,Amu Darya,unknown,,gully,,,,,,(this study),technical report,,
445,Arkari,2022,2022,6,30,,NA,NA,NA,36.279916,71.670798,2894,Observation,Pakistan,Khyber Pakhtunkhwa,Kabul,melt,,periglacial terrain,,,,,,(this study),PDMA,,
412,,2017,2017,NA,NA,,NA,NA,NA,36.036671,71.777223,2020,Observation,Pakistan,Khyber Pakhtunkhwa,,,,"periglacial terrain, gully",,,,,,,https://ojs.ukscip.com/journals/ptnd/article/download/88/108,,
376,,1986,1986,NA,NA,NA,35.982888,72.005812,2530,35.992285,71.979616,1707,,Pakistan,Khyber Pakhtunkhwa,Chitral,,,"hillslope, periglacial terrain",,,,,,,http://nceg.uop.edu.pk/workshop-21-26-09/lectureslides/Day1/Debrisflowhazard_Dr_Asif.pdf,,
417,Rogheli,2019,2019,7,7,,35.853,71.968,4490,35.938,71.98,1950,,Pakistan,Khyber Pakhtunkhwa,Chitral,rainfall,,lake,GLOF,,,,,Shrestha et al 2023,,,
420,Rogheli,2020,2020,7,13,,35.853,71.968,4490,35.938,71.98,1950,,Pakistan,Khyber Pakhtunkhwa,Chitral,rainfall,,lake,GLOF,,,,,Shrestha et al 2023,,,
371,Reshun,1975,1975,8,25,,36.107604,72.177682,3120,36.156234,72.100806,1900,Observation,Pakistan,Khyber Pakhtunkhwa,Chitral,rainfall,,"gully, glacier foreland",,,,,,https://doi.org/10.1016/j.jseaes.2012.11.025,,,
409,Reshun,2015,2015,7,16,,36.107604,72.177682,3120,36.156234,72.100806,1900,Observation,Pakistan,Khyber Pakhtunkhwa,Chitral,rainfall,,"gully, glacier foreland",,,,,,,,,
419,,2020,2020,8,27,,36.107604,72.177682,3120,36.156234,72.100806,1900,Observation,Pakistan,Khyber Pakhtunkhwa,,,,,,,,,,,https://www.dawn.com/news/1576627,,
441,Reshun,2013,2013,7,31,,36.072629,72.162905,4210,36.156069,72.101425,1900,Observation,Pakistan,Khyber Pakhtunkhwa,Kabul,melt,,periglacial terrain,,,,,,https://www.sciencedirect.com/science/article/abs/pii/S0926985122001045,,,
439,Bindo Gol,2010,2010,7,NA,,36.252647,72.027663,4320,36.17108,72.115202,1888,Observation,Pakistan,Khyber Pakhtunkhwa,Kabul,rainfall,,periglacial terrain,,,,,,https://www.sciencedirect.com/science/article/abs/pii/S0926985122001045,,,
440,Bindo Gol,2015,2015,7,NA,,36.252647,72.027663,4320,36.17108,72.115202,1888,Observation,Pakistan,Khyber Pakhtunkhwa,Kabul,rainfall,,periglacial terrain,,,,,,https://www.sciencedirect.com/science/article/abs/pii/S0926985122001045,,,
432,Bindo Gol,2022,2022,8,NA,,36.252647,72.027663,4320,36.17108,72.115202,1888,Observation,Pakistan,Khyber Pakhtunkhwa,Kabul,rainfall,,periglacial terrain,,landslide dammed lake,,,,,"https://twitter.com/zarifahmad15/status/1563882560781836288?t=lqf641deEsadr4gwolVAnA&s=19, https://m.facebook.com/100075461213762/videos/flood-in-bindo-gol-gohkir-upper-chitral/475917450724099/",,
396,Booni,2010,2010,7,26,Unknown,36.194,72.3,3514,36.268,72.238,1990,Observation,Pakistan,Khyber Pakhtunkhwa,Chitral,rainfall,Water pocket,"glacier, glacier foreland",GLOF,,,,,(This study),,monitoring by AKAH,
442,Booni,2011,2011,7,NA,Unknown,36.194,72.3,3514,36.268,72.238,1990,Observation,Pakistan,Khyber Pakhtunkhwa,Kabul,Unknown,,periglacial terrain,,,,,,https://www.sciencedirect.com/science/article/abs/pii/S0926985122001045,,,
446,Simtich,2022,2022,6,18,,36.407007,72.27446,3060,36.417805,72.270855,2536,Observation,Pakistan,Khyber Pakhtunkhwa,Kabul,rainfall,,hillslope,,,,,,(this study),PDMA,,
429,Meragram,2019,2019,10,NA,,36.255708,72.306242,3370,36.280201,72.309143,2000,Observation,Pakistan,Khyber Pakhtunkhwa,Chitral,Unknown,,hillslope,,,,,,,https://www.youtube.com/watch?v=pu1fPPrkLBw,,
388,Sonoghur,2007,2007,6,30,,36.230348,72.415012,3490,36.274146,72.408246,2270,Observation,Pakistan,Khyber Pakhtunkhwa,Chitral,snow avalanche,snow avalanche,"gully, glacier foreland",,,,,,https://doi.org/10.1016/j.jseaes.2012.11.025,,,
443,Harchin,2022,2022,7,3,,36.156978,72.535936,4420,36.126359,72.470584,2778,Observation,Pakistan,Khyber Pakhtunkhwa,Kabul,Unknown,,periglacial terrain,,,,,,(this study),PDMA,,
418,,2020,2020,8,27,10:00:00,NA,NA,NA,35.14399,72.532538,1360,Observation,Pakistan,Khyber Pakhtunkhwa,,"rainfall, snow melt",,,,,,,,,https://www.dawn.com/news/1576784,,
383,Chuinj,2005,2005,,,,36.287228,72.610685,4300,36.328861,72.58775,2397,Observation,Pakistan,Khyber Pakhtunkhwa,Chitral,rainfall,,"hillslope, gully, glacier foreland",,,,,,https://doi.org/10.1016/j.jseaes.2012.11.025,,,
386,Brep,2006,2006,,,,36.382436,72.706857,4440,36.421693,72.650707,2460,Observation,Pakistan,Khyber Pakhtunkhwa,Chitral,rainfall,,"hillslope, gully, glacier foreland",,,,,,https://doi.org/10.1016/j.jseaes.2012.11.025,,,
436,Brep,1978,1978,NA,NA,,36.414747,72.715196,3920,36.426077,72.656841,2500,Observation,Pakistan,Khyber Pakhtunkhwa,Kabul,"rainfall, melt",,"periglacial terrain, rockglacier",,,,,,https://www.sciencedirect.com/science/article/abs/pii/S0926985122001045,,,
437,Brep,2005,2005,7,NA,,36.414747,72.715196,3920,36.426077,72.656841,2500,Observation,Pakistan,Khyber Pakhtunkhwa,Kabul,"rainfall, melt",,"periglacial terrain, rockglacier",,,,,,https://www.sciencedirect.com/science/article/abs/pii/S0926985122001045,,,
438,Brep,2016,2016,7,NA,,36.414747,72.715196,3920,36.426077,72.656841,2500,Observation,Pakistan,Khyber Pakhtunkhwa,Kabul,"rainfall, melt",,"periglacial terrain, rockglacier",,,,,,https://www.sciencedirect.com/science/article/abs/pii/S0926985122001045,,,
431,Solkoch,2022,2022,7,3,,36.616007,72.846314,4860,36.58369,72.85162,2750,Observation,Pakistan,Chitral,Kabul,rainfall,,hillslope,,,,,,,https://chitraltoday.net/2022/07/03/road-to-yarkhun-washed-away-by-glof/,,
435,Yarkhon,1992,1992,8,NA,,36.768914,72.85612,4080,36.733672,72.927849,2955,Observation,Pakistan,Khyber Pakhtunkhwa,Kabul,"rainfall, melt",,periglacial terrain,,,,,,https://www.sciencedirect.com/science/article/abs/pii/S0926985122001045,,,
434,Yarkhon,2003,2003,7,NA,,36.768914,72.85612,4080,36.733672,72.927849,2955,Observation,Pakistan,Khyber Pakhtunkhwa,Kabul,"rainfall, melt",,periglacial terrain,,,,,,https://www.sciencedirect.com/science/article/abs/pii/S0926985122001045,,,
433,Yarkhon,2020,2020,8,17,,36.768914,72.85612,4080,36.733672,72.927849,2955,Observation,Pakistan,Khyber Pakhtunkhwa,Kabul,"rainfall, melt",,periglacial terrain,,,,,,https://www.sciencedirect.com/science/article/abs/pii/S0926985122001045,,,
444,Yarkhon,2022,2022,7,3,,36.768914,72.85612,4080,36.733672,72.927849,2955,Observation,Pakistan,Khyber Pakhtunkhwa,Kabul,"rainfall, melt",,periglacial terrain,,,,,,https://www.sciencedirect.com/science/article/abs/pii/S0926985122001045,,,
413,,2017,2017,4,NA,NA,35.08172,72.950096,1870,35.06712,72.957267,710,,Pakistan,Khyber Pakhtunkhwa,,rainfall,,hillslope,,,,,,https://link.springer.com/article/10.1007/s11069-021-04549-4,,,
416,,2018,2018,4,NA,NA,35.08172,72.950096,1870,35.06712,72.957267,710,,Pakistan,Khyber Pakhtunkhwa,,rainfall,,hillslope,,,,,,https://link.springer.com/article/10.1007/s11069-021-04549-4,,,
380,,1995,1995,8,4,,36.030774,73.197505,4617,36.163002,73.133944,2490,Observation,Pakistan,,,,,proglacial terrain,GLOF,landslide dammed lake,,,,,,,
423,Uchar Nallah,2022,2022,7,27,,35.357062,73.335824,2987,35.332524,73.203244,812,Reports,Pakistan,Gilgit-Baltistan,Indus,rainfall,,"hillslope, gully",,,,,,,,,
424,Uchar Nallah,2022,2022,8,12,,35.357062,73.335824,2987,35.332524,73.203244,812,Reports,Pakistan,Gilgit-Baltistan,Indus,rainfall,,"hillslope, gully",,,,,,,,,
372,,1980,1980,7,27,16:30:00,36.203047,73.362249,3900,36.247237,73.37357,2556,Observation,Pakistan,,,no rainfall,,proglacial terrain,,landslide dammed lake,,,,https://www.issmge.org/uploads/publications/1/34/1985_03_0003.pdf,,,
379,,1994,1994,8,6,,36.203047,73.362249,3900,36.247237,73.37357,2556,Observation,Pakistan,,,no rainfall,,proglacial terrain,,,,,,,,,
394,Darkut,2010,2010,,,,36.683228,73.552712,4150,36.63375,73.443216,2670,Reports,Pakistan,Gilgit-Baltistan,Gilgit,,,glacier foreland,,,,,,,AKAH report,,
407,Darkut,2015,2015,,,,36.683228,73.552712,4150,36.63375,73.443216,2670,Reports,Pakistan,Gilgit-Baltistan,Gilgit,,,glacier foreland,,,,,,,AKAH report,,
414,Darkut,2018,2018,,,,36.683228,73.552712,4150,36.63375,73.443216,2670,Reports,Pakistan,Gilgit-Baltistan,Gilgit,,,glacier foreland,,,,,,,AKAH report,,
393,Sumal,2010,2010,,,,36.261403,73.514155,3970,36.245267,73.555177,2090,Reports,Pakistan,Gilgit-Baltistan,Gilgit,,,"hillslope, gully, glacier foreland",,,,,,,AKAH report,,
406,Sumal,2015,2015,,,,36.261403,73.514155,3970,36.245267,73.555177,2090,Reports,Pakistan,Gilgit-Baltistan,Gilgit,,,"hillslope, gully, glacier foreland",,,,,,,AKAH report,,
421,Darmander,2021,2021,6,8,,36.326525,73.685255,4475,36.31052,73.63792,2646,,Pakistan,Gilgit Baltistan,Ghizer,,,"lake, gully",GLOF,,,,,Shrestha et al 2023,,,
411,,2016,2016,4,NA,NA,35.500219,73.648492,2600,35.525394,73.662693,970,,Pakistan,Khyber Pakhtunkhwa,,rainfall,,hillslope,,,,,,https://link.springer.com/article/10.1007/s11069-021-04549-4,,,
387,Damas Gahkuch,2007,2007,,,,36.122073,73.725269,3910,36.187456,73.751411,1960,Reports,Pakistan,Gilgit-Baltistan,Gilgit,,,hillslope,,,,,,,AKAH report,,
395,Damas Gahkuch,2010,2010,,,,36.122073,73.725269,3910,36.187456,73.751411,1960,Reports,Pakistan,Gilgit-Baltistan,Gilgit,,,hillslope,,,,,,,AKAH report,,
408,Damas Gahkuch,2015,2015,,,,36.122073,73.725269,3910,36.187456,73.751411,1960,Reports,Pakistan,Gilgit-Baltistan,Gilgit,,,hillslope,,,,,,,AKAH report,,
391,Birgal,2010,2010,,,,36.273938,73.882709,3670,36.330238,73.827255,2040,Reports,Pakistan,Gilgit-Baltistan,Gilgit,,,"hillslope, gully, glacier foreland",,,,,,,AKAH report,,
402,Birgal,2012,2012,,,,36.273938,73.882709,3670,36.330238,73.827255,2040,Reports,Pakistan,Gilgit-Baltistan,Gilgit,,,"hillslope, gully, glacier foreland",,,,,,,AKAH report,,
390,Chatoorkhand,2010,2010,,,,36.347852,73.943503,3680,36.345791,73.834514,2050,Reports,Pakistan,Gilgit-Baltistan,Gilgit,,,"hillslope, gully",,,,,,,AKAH report,,
404,Chatoorkhand,2015,2015,,,,36.347852,73.943503,3680,36.345791,73.834514,2050,Reports,Pakistan,Gilgit-Baltistan,Gilgit,,,"hillslope, gully",,,,,,,AKAH report,,
374,,1984,1984,8,4,,36.550583,73.865031,3980,36.518754,73.841093,2300,Observation,Pakistan,,,,,proglacial terrain,,,,,,,,,
392,Singal,2010,2010,,,,35.999399,73.742319,4390,36.115959,73.890921,1830,Reports,Pakistan,Gilgit-Baltistan,Gilgit,,,"hillslope, gully, glacier foreland, lakes",,,,,,,AKAH report,,
405,Singal,2015,2015,,,,35.999399,73.742319,4390,36.115959,73.890921,1830,Reports,Pakistan,Gilgit-Baltistan,Gilgit,,,"hillslope, gully, glacier foreland, lakes",,,,,,,AKAH report,,
399,Jatpukey,2010,2010,7,28,5:00:00,36.138415,73.948507,4100,36.105899,73.919398,1860,Observation,Pakistan,Gilgit-Baltistan,,,,gully,,,,,,,https://pamirtimes.net/2010/07/29/flood-in-japukey-stream-causes-huge-losses-in-villages-of-punial/,,
415,Badswat,2018,2018,7,17,,36.506901,74.059702,3920,36.541354,74.02678,2609,Reports,Pakistan,Gilgit-Baltistan,Ghizer,melt,,glacier cover,,landslide dammed lake,,,,https://www.mdpi.com/2072-4292/13/6/1165,,,
422,Sherqilla - Dirani,2022,2022,7,5,,36.176545,74.054334,3937,36.098277,74.029756,1800,Reports,Pakistan,Gilgit-Baltistan,Ghizer,rainfall,,"hillslope, gully, glacier foreland",,,,,,,https://pamirtimes.net/2022/07/06/flashflood-killed-7-people-in-sherqila-confirms-commissioner-mir-waqar/,,
410,Sherqilla - Derjani,2016,2016,4,3,,36.101388,74.073977,2980,36.09005,74.053838,1835,Reports,Pakistan,Gilgit-Baltistan,Ghizer,rainfall,,"hillslope, gully",,,,,,http://www.debrisflow.ru/wp-content/uploads/2020/12/Karim1_DF20.pdf,,,
425,,2022,2022,8,25,,NA,NA,NA,36.089255,74.272746,1700,,Pakistan,Gilgit Baltistan,Hunza,Unknown,,hillslope,,,,,,,https://m.facebook.com/pamirtimes/videos/debris-flow-in-front-of-18mw-power-project-in-naltar/406580828230960/,,
389,Jutial,2010,2010,,,,35.861979,74.300758,3610,35.892837,74.361449,1560,Reports,Pakistan,Gilgit-Baltistan,Gilgit,,,"hillslope, gully",,,,,,,AKAH report,,
403,Jutial,2015,2015,,,,35.861979,74.300758,3610,35.892837,74.361449,1560,Reports,Pakistan,Gilgit-Baltistan,Gilgit,,,"hillslope, gully",,,,,,,AKAH report,,
430,Nasirabad,2022,2022,8,NA,,36.291324,74.491725,3830,36.255057,74.50756,1990,Observation,Pakistan,Gilgit Baltistan,Hunza,rainfall,,hillslope,,,,,,,https://www.youtube.com/watch?v=kQX8wkUN-pA,,
369,Bagrot,1972,1972,NA,NA,NA,36.039,74.633,3312,36.012126,74.541862,2276,,Pakistan,Gilgit - Baltistan,Bagrot,,,,GLOF,,,,,this study,,,
373,Bagrot,1982,1982,NA,NA,NA,36.039,74.633,3312,36.012126,74.541862,2276,,Pakistan,Gilgit - Baltistan,Bagrot,,,,GLOF,,,,,this study,,,
375,Bagrot,1985,1985,NA,NA,NA,36.039,74.633,3312,36.012126,74.541862,2276,,Pakistan,Gilgit - Baltistan,Bagrot,,,,GLOF,,,,,this study,,,
400,Bagrot,2010,2010,NA,NA,NA,36.039,74.633,3312,36.012126,74.541862,2276,,Pakistan,Gilgit - Baltistan,Bagrot,,,,GLOF,,,,,this study,,,
368,NA,1923,1923,NA,NA,NA,35.334612,74.553019,4530,35.356919,74.577571,3500,Observation,Pakistan,Gilgit Baltistan,Indus,unknown,,hillslope,,,,140000,,https://link.springer.com/chapter/10.1007/978-94-011-5228-0_2,,,
378,,1990,1990,NA,NA,,35.334612,74.553019,4530,35.356919,74.577571,3500,,Pakistan,Gilgit Baltistan,Indus,,,hillslope,,,,140000,,https://link.springer.com/chapter/10.1007/978-94-011-5228-0_2,,,
370,,1974,1974,4,11,,36.358435,74.906316,3241,36.362764,74.861342,2486,Observation,Pakistan,,,,,proglacial terrain,,landslide dammed lake,,,,http://www.debrisflow.ru/wp-content/uploads/2020/12/Karim1_DF20.pdf,,,
384,Moorkhun,2005,2005,NA,NA,,36.605999,74.986765,4175,36.614503,74.861922,2750,Observation,Pakistan,Gilgit-Baltistan,,,,"periglacial terrain, rockglacier",,,,,,,https://onlinelibrary.wiley.com/doi/full/10.1002/ird.2563,,
398,Moorkhun,2010,2010,7,25,,36.605999,74.986765,4175,36.614503,74.861922,2750,Observation,Pakistan,Gilgit-Baltistan,,,,"periglacial terrain, rockglacier",,,,,,,https://pamirtimes.net/2010/07/30/destroyed-link-road-and-water-channel-in-avgrach-valley-remain-unnoticed/,,
426,,2022,2022,7,22,NA,36.376751,74.817125,3865,36.384118,74.865625,2480,,Pakistan,Gilgit Baltistan,,,,periglacial terrain,,,,,,,https://twitter.com/pamirtimes/status/1543279194330861574,,
377,,1988,1988,7,NA,NA,36.299569,74.925681,3552,36.321529,74.874434,2450,Observation,Pakistan,,,rainfall,,proglacial terrain,,,,,,https://www.jstor.org/stable/25647347,,,
236,,2016,2016,7,6,0:00:00,NA,NA,NA,38.019612,75.081933,3250,,China,Xinjiang,,"glacier melt, snow melt",,periglacial terrain,,"landslide dammed lake, LLOF",,,,http://www.gcdz.org/en/article/doi/10.13544/j.cnki.jeg.2023-0214,,,
76,,1984,1984,8,18,,38.786077,75.150239,4813,38.76827,75.196444,2770,,China,TAR,,glacier melt,,periglacial terrain,,,,1270000,,https://pdf.hanspub.org/JWRR20170200000_48966376.pdf,,,
427,Gulabpur,2018,2018,8,NA,NA,35.539931,75.501545,3640,35.561641,75.55813,2327,Observation,Pakistan,Gilgit Baltistan,Shigar,Unknown,,periglacial terrain,,,,,,,https://www.facebook.com/pamirtimes/videos/flood-wreaks-havoc-in-gulapur-shigar/2025692914344005/,,
428,Youno,2022,2022,6,28,,35.619133,75.612481,3900,35.59929,75.573358,2507,Observation,Pakistan,Gilgit Baltistan,Shigar,Unknown,,periglacial terrain,,,,,,,https://m.facebook.com/pamirtimes/videos/flash-flood-in-youno-nalah-shigar-blocks-k2-road-for-traffic/1700046677013193/,,
381,,1997,1997,7,25,16:45:00,35.400804,76.28145,4000,35.366723,76.369449,2900,Reports,Pakistan,Baltistan,,Glacier melt,glacial lakes (?),,,,,,,https://www.jstage.jst.go.jp/article/ijece/10/1/10_16/_pdf/-char/ja,,,
382,,2000,2000,7,27,,35.400804,76.28145,4000,35.366723,76.369449,2900,Reports,Pakistan,Baltistan,,Glacier melt,,,,,,,,https://www.jstage.jst.go.jp/article/ijece/10/1/10_16/_pdf/-char/ja,,,
397,Talis,2010,2010,,,,35.293362,76.310148,4670,35.267481,76.391861,2650,Observation,Pakistan,Gilgit-Baltistan,Ghanche,,,"hillslope, gully, periglacial terrain",,,,,,,https://pamirtimes.wordpress.com/2011/07/31/150-households-being-evacuated-from-talis-village-of-ghangche-district/,,
401,Talis,2011,2011,7,,,35.293362,76.310148,4670,35.267481,76.391861,2650,Observation,Pakistan,Gilgit-Baltistan,Ghanche,,,"hillslope, gully, periglacial terrain",,,,,,,https://pamirtimes.wordpress.com/2011/07/31/150-households-being-evacuated-from-talis-village-of-ghangche-district/,,
339,Kotropi,2017,2017,8,13,NA,31.914375,76.892861,1600,31.90684,76.879321,1120,Observation,India,Himachal Pradesh,,rainfall,,hillslope,,,,,,https://link.springer.com/chapter/10.1007/978-3-031-23859-8_10,,,
316,NA,1894,1894,NA,NA,NA,NA,NA,NA,32.085649,77.13236,1435,Observation,India,,,unknown,,,,,,,,https://www.tandfonline.com/doi/abs/10.1111/j.1931-0846.2002.tb00008.x,,,
323,,1994,1994,NA,NA,NA,NA,NA,NA,32.085649,77.13236,1435,Observation,India,,,,,,,,,,,https://www.tandfonline.com/doi/abs/10.1111/j.1931-0846.2002.tb00008.x,,,
329,,2010,2010,8,6,,NA,NA,NA,34.156071,77.568556,3424,Observation,India,Ladakh,,rainfall,,,,,,,,"https://www.currentscience.ac.in/Volumes/99/09/1166.pdf, https://www.sciencedirect.com/science/article/pii/S0921818114003282",,,
334,,2015,2015,8,NA,,NA,NA,NA,34.156071,77.568556,3424,Observation,India,Ladakh,,rainfall,,,,,,,,"https://www.currentscience.ac.in/Volumes/99/09/1166.pdf, https://www.sciencedirect.com/science/article/pii/S0921818114003282",,,
340,,2019,2019,8,18,,NA,NA,NA,31.1274,77.747109,1490,Observation,India,Uttarakhand,,rainfall,,hillslope,,,,,,,,,
318,Gyansu,1980,1980,6,24,,NA,NA,NA,30.723707,78.440118,1190,Observation,India,Uttarakhand,,rainfall,,,,,,,,,https://reliefweb.int/report/india/study-flash-floods-and-landslides-disaster-3rd-august-2012-along-bhagirathi-valley,,
327,Gyansu,2003,2003,7,NA,,NA,NA,NA,30.723707,78.440118,1190,Observation,India,Uttarakhand,,rainfall,,,,,,,,,https://reliefweb.int/report/india/study-flash-floods-and-landslides-disaster-3rd-august-2012-along-bhagirathi-valley,,
330,Assi Ganga,2012,2012,8,12,,NA,NA,NA,30.759678,78.455605,1229,Observation,India,Uttarakhand,,rainfall,,,landslide dammed lakes,,,,,,https://reliefweb.int/report/india/study-flash-floods-and-landslides-disaster-3rd-august-2012-along-bhagirathi-valley,,
320,Gadinigarh,1992,1992,9,2,23:35:00,NA,NA,NA,30.759469,78.455705,1200,Observation,India,Uttarakhand,,rainfall,,"hillslopes, gullies",landslide dammed lakes,,,,,,,,
326,Gona,2001,2001,8,31,,NA,NA,NA,30.517838,78.591951,1300,Observation,India,Uttarakhand,,rainfall,,hillslope,landslide dammed lake,,,,,"Naithani, A.K., Joshi, V., Prasad, C., 2002b. Investigation on theimpact of cloudburst in Tehri District, Uttaranchal- 31 August,2001. Journal of the Geological Society of India 60, 573-575",,,
336,,2017,2017,7,16,,30.941238,79.033134,4400,30.968071,79.033263,3500,Observation,India,,,"glacier melt, rainfall",,"glacier, proglacial terrain",,landslide dammed lake,,6500000,,10.1016/j.geomorph.2019.02.015,,,
332,Kedarnath,2013,2013,6,17,,30.747,79.064,3841,30.732,79.066,3520,Reports,India,Uttarakhand,Alaknanda,Rainfall,supraglacial lake,"hillslope, glacier foreland",GLOF,,,,,,"Allen, S.K., Rastner, P., Arora, M., Huggel, C., Stoffel, M., 2016. Lake outburst and debris flow disaster at Kedarnath, June 2013: hydrometeorological triggering and topographic predisposition. Landslides 13, 1479–1491. https://doi.org/10.1007/s10346-015-0584-3",,"Due to heavy rainfall and cloudburst, right lateral Moraine dammed lake: collapsed barrier's proximal location to the snout of the glacier; lake was completely drained within 5-10 mins; 138 houses destroyed, 56 were partly damaged. 3 towns: Gaurikund, Rambara and Kedarnath were completely washed away. Roads and footpath between Gaurikund and Kedarnath damaged"
324,,1998,1998,8,12,,NA,NA,NA,30.52002,79.08679,1050,Observation,India,Uttarakhand,,,landslide,,,,,,,https://link.springer.com/article/10.1007/s11629-006-0228-0,,,
325,Okhimat,1998,1998,8,19,,NA,NA,NA,30.604671,79.189231,2000,Observation,India,Uttarakhand,,rainfall,,hillslope,landslide dammed lake,,,,,"Naithani, A. K., 2001. The August, 1998 Okhimath tragedy in Rudraprayag district of Garhwal Himalaya, Uttarakhand,Inida. Gaia N° 16, LISBOA/KUSBON, JUNHO/JUNE 2001,145-156.",,,
331,,2012,2012,9,NA,,NA,NA,NA,30.604671,79.189231,2000,Observation,India,Uttarakhand,,rainfall,,,,,,,,https://dergipark.org.tr/en/download/article-file/1234501,,,
338,,2017,2017,5,26,,NA,NA,NA,29.916855,79.323943,NA,Observation,India,Uttarakhand,,rainfall,,,,,,,,https://dergipark.org.tr/en/download/article-file/1234501,,,
321,Kaiwargadhera,1993,1993,7,22,1:05:00,30.107742,79.380154,1800,30.128424,79.38943,1040,Observation,India,Uttarakhand,,rainfall,,hillslopes,,,,,,,,,
315,Birhi,1893,1893,NA,NA,NA,NA,NA,NA,30.408001,79.389461,1070,Observation,India,Uttarakhand,,rainfall,,NA,,,,,,,,,
333,Tangni,2013,2013,7,23,,30.47311,79.468325,1790,30.484589,79.465425,1176,Observation,India,Uttarakhand,,rainfall,,hillslope,,landslide dammed lake,,,,https://link.springer.com/article/10.1007/s12665-021-09637-z,,,
319,Karmi,1983,1983,7,23,,30.042596,79.829515,2160,30.011095,79.873827,1397,Observation,India,Uttarakhand,,rainfall,,"hillslopes, gullies",landslide dammed lakes,,,,,https://lib.icimod.org/record/23016,,,
328,,2009,2009,8,8,,NA,NA,NA,30.021176,80.14931,1566,Observation,India,Uttarakhand,,rainfall,,,landslide dammed lake,,,,,https://dergipark.org.tr/en/download/article-file/1234501,,,
337,Mangti,2017,2017,8,NA,NA,30.075297,80.700288,3500,30.000266,80.718843,1560,Observation,India,,,rainfall,,periglacial terrain,,,,,,https://www.longdom.org/open-access/investigation-of-hydrometrological-disaster-affected-malpa-and-mangti-area-pithoragarh-district-uttarakhand-india-37245.html,,,
350,Malpa,1998,1998,8,18,,30.054899,80.760155,NA,30.052988,80.768486,2080,Observation,Nepal,,,rainfall,,hillslope,landslide dammed lake,landslide dammed lake,,1000000,,10.1016/s0169-555x(00)00032-5,,,
357,Malpa,2017,2017,8,14,,30.109629,80.764027,NA,30.052988,80.768486,2080,Observation,Nepal,,,rainfall,,periglacial terrain,,,,,,https://www.longdom.org/open-access/investigation-of-hydrometrological-disaster-affected-malpa-and-mangti-area-pithoragarh-district-uttarakhand-india-37245.html,,,
264,,2021,2021,7,21,22:30:00,,,,30.327878,81.087161,?,Observation,China,,,,,,,,,,,https://link.springer.com/article/10.1007/s10346-022-01936-1,,,
353,,2011,2011,6,30,NA,30.27,81.475,5347,30.219,81.514,3706,,Nepal,Karnali,,glacier melt,,glacier,GLOF,,,,,"Kropácek, J., Neckel, N., Tyrna, B., Holzer, N., Hovden, A., Gourmelen, N., Schneider, C., Buchroithner, M., Hochschild, V., 2015. Repeated glacial lake outburst flood threatening the oldest Buddhist monastery in north-western Nepal. Natural Hazards and Earth System Sciences 15, 2425–2437. https://doi.org/10.5194/nhess-15-2425-2015",,,
39,,1958,1958,8,13,,,,,41.850593,83.054199,1231,Observation,China,,,rainfall,,channel,,reservoir burst,,,,https://iahs.info/uploads/dms/9022.329-336-209-Wenshou.pdf,,,
366,,2023,2023,8,14,,NA,NA,NA,28.646811,83.59451,2513,Reports,Nepal,,Kali Gandaki,Rainfall,Landslide dam,,,,,,,(this study),https://www.setopati.com/social/309317,,
367,Bek Khola,<2003,NA,NA,NA,NA,28.477192,83.573819,2686,28.431564,83.598958,1060,Observation,Nepal,Gandaki,Kali Gandaki,,,hillslope,,,,,,,this study,,
360,,2018,2018,9,12,,NA,NA,NA,28.674875,83.616935,2543,Observation,Nepal,Gandaki,Kali Gandaki,rainfall,,"hillslope, gully",,,,,,https://www.sciencedirect.com/science/article/pii/S0169555X20304244,,,
361,,2018,2018,9,12,,NA,NA,NA,28.690467,83.625894,2560,Observation,Nepal,Gandaki,Kali Gandaki,rainfall,,"hillslope, gully",,,,,,https://www.sciencedirect.com/science/article/pii/S0169555X20304244,,,
359,,2018,2018,8,11,1:30:00,NA,NA,NA,28.708111,83.64109,2585,Observation,Nepal,Gandaki,Kali Gandaki,"Rainfall, snow melt",,"hillslope, gully",,,,847000,,https://www.sciencedirect.com/science/article/pii/S0169555X20304244,,,
363,Lupra,2021,2021,6,14,,NA,NA,NA,28.805392,83.762752,2780,Observation,Nepal,,,,,,,,,,,,this study,,
354,Seti,2012,2012,5,12,9:00:00,28.526377,84.075964,6700,28.186641,83.985737,750,Observation,Nepal,Gandaki,,,,headwall,"rock-ice avalanche, landslide dams","landslide dams, undercutting",,,,"https://www.nepjol.info/index.php/JNGS/article/view/38695, https://earthobservatory.nasa.gov/images/82937/making-sense-of-nepals-seti-river-disaster, https://www.sff.or.jp/nepal/osirase/121009Setikawagenchichousahoukokusho_English.ver.pdf",,,
73,,1984,1984,6,1,19:00:00,,,,43.25894,84.36315,1700,Observation,China,,,snow melt,,,,,,,,https://iahs.info/uploads/dms/9022.329-336-209-Wenshou.pdf,,,
74,,1984,1984,6,25,18:00:00,,,,43.25894,84.36315,1700,Observation,China,,,snow melt,,,,,,,,https://iahs.info/uploads/dms/9022.329-336-209-Wenshou.pdf,,,
93,,1985,1985,6,13,19:00:00,,,,43.25894,84.36315,1700,Observation,China,,,snow melt,,,,,,,,https://iahs.info/uploads/dms/9022.329-336-209-Wenshou.pdf,,,
94,,1985,1985,7,1,20:00:00,,,,43.25894,84.36315,1700,Observation,China,,,snow melt,,,,,,,,https://iahs.info/uploads/dms/9022.329-336-209-Wenshou.pdf,,,
99,,1986,1986,7,13,22:00:00,,,,43.25894,84.36315,1700,Observation,China,,,snow melt,,,,,,,,https://iahs.info/uploads/dms/9022.329-336-209-Wenshou.pdf,,,
103,,1987,1987,7,11,18:00:00,,,,43.25894,84.36315,1700,Observation,China,,,snow melt,,,,,,,,https://iahs.info/uploads/dms/9022.329-336-209-Wenshou.pdf,,,
110,,1989,1989,7,19,21:00:00,,,,43.25894,84.36315,1700,Observation,China,,,snow melt,,,,,,,,https://iahs.info/uploads/dms/9022.329-336-209-Wenshou.pdf,,,
111,,1989,1989,6,25,19:00:00,,,,43.25894,84.36315,1700,Observation,China,,,snow melt,,,,,,,,https://iahs.info/uploads/dms/9022.329-336-209-Wenshou.pdf,,,
114,,1991,1991,6,22,20:00:00,,,,43.25894,84.36315,1700,Observation,China,,,snow melt,,,,,,,,https://iahs.info/uploads/dms/9022.329-336-209-Wenshou.pdf,,,
78,,1984,1984,6,1,17:00:00,43.760514,84.415327,3550,43.834001,84.465421,2200,,China,Xinjiang,,rainfall,,"periglacial terrain, rockglacier",,,,NA,,https://link.springer.com/article/10.1007/s11769-996-0030-5,,,
79,,1984,1984,6,24,18:00:00,43.760514,84.415327,3550,43.834001,84.465421,2200,,China,Xinjiang,,glacier melt,,"periglacial terrain, rockglacier",,,,NA,,https://link.springer.com/article/10.1007/s11769-996-0030-5,,,
80,,1984,1984,6,25,16:00:00,43.760514,84.415327,3550,43.834001,84.465421,2200,,China,Xinjiang,,glacier melt,,"periglacial terrain, rockglacier",,,,110000,,https://link.springer.com/article/10.1007/s11769-996-0030-5,,,
81,,1984,1984,6,26,16:00:00,43.760514,84.415327,3550,43.834001,84.465421,2200,,China,Xinjiang,,glacier melt,,"periglacial terrain, rockglacier",,,,10000,,https://link.springer.com/article/10.1007/s11769-996-0030-5,,,
82,,1984,1984,7,13,18:00:00,43.760514,84.415327,3550,43.834001,84.465421,2200,,China,Xinjiang,,glacier melt,,"periglacial terrain, rockglacier",,,,50000,,https://link.springer.com/article/10.1007/s11769-996-0030-5,,,
95,,1985,1985,6,13,17:00:00,43.760514,84.415327,3550,43.834001,84.465421,2200,,China,Xinjiang,,glacier melt,,"periglacial terrain, rockglacier",,,,10000,,https://link.springer.com/article/10.1007/s11769-996-0030-5,,,
96,,1985,1985,7,1,18:00:00,43.760514,84.415327,3550,43.834001,84.465421,2200,,China,Xinjiang,,glacier melt,,"periglacial terrain, rockglacier",,,,NA,,https://link.springer.com/article/10.1007/s11769-996-0030-5,,,
97,,1985,1985,7,2,17:00:00,43.760514,84.415327,3550,43.834001,84.465421,2200,,China,Xinjiang,,glacier melt,,"periglacial terrain, rockglacier",,,,NA,,https://link.springer.com/article/10.1007/s11769-996-0030-5,,,
100,,1986,1986,7,13,20:00:00,43.760514,84.415327,3550,43.834001,84.465421,2200,,China,Xinjiang,,glacier melt,,"periglacial terrain, rockglacier",,,,NA,,https://link.springer.com/article/10.1007/s11769-996-0030-5,,,
105,,1987,1987,7,11,16:00:00,43.760514,84.415327,3550,43.834001,84.465421,2200,,China,Xinjiang,,glacier melt,,"periglacial terrain, rockglacier",,,,30000,,https://link.springer.com/article/10.1007/s11769-996-0030-5,,,
116,,1991,1991,6,23,NA,43.760514,84.415327,3550,43.834001,84.465421,2200,,China,Xinjiang,,rainfall,,"periglacial terrain, rockglacier",,,,NA,,https://link.springer.com/article/10.1007/s11769-996-0030-5,,,
122,,1992,1992,7,15,NA,43.760514,84.415327,3550,43.834001,84.465421,2200,,China,Xinjiang,,glacier melt,,"periglacial terrain, rockglacier",,,,8000,,https://link.springer.com/article/10.1007/s11769-996-0030-5,,,
124,,1993,1993,6,28,19:23:00,43.760514,84.415327,3550,43.834001,84.465421,2200,,China,Xinjiang,,glacier melt,,"periglacial terrain, rockglacier",,,,39000,,https://link.springer.com/article/10.1007/s11769-996-0030-5,,,
125,,1993,1993,6,29,17:21:00,43.760514,84.415327,3550,43.834001,84.465421,2200,,China,Xinjiang,,glacier melt,,"periglacial terrain, rockglacier",,,,26000,,https://link.springer.com/article/10.1007/s11769-996-0030-5,,,
126,,1993,1993,7,1,19:23:00,43.760514,84.415327,3550,43.834001,84.465421,2200,,China,Xinjiang,,glacier melt,,"periglacial terrain, rockglacier",,,,6000,,https://link.springer.com/article/10.1007/s11769-996-0030-5,,,
270,,2023,2023,7,30,3:00:00,43.760514,84.415327,3550,43.834001,84.465421,2200,,China,Xinjiang,,glacier melt,,"periglacial terrain, rockglacier",,,,,,,https://www.tellerreport.com/life/2023-07-30-xinjiang-s-%22net-red-highway%22-duku-highway-broke-out-in-the-early-morning-when-a-mudslide-broke-out--and-traffic-was-cleared-up-and-traffic-resumed.ryx5J2oQo2.html,,
346,,1993,1993,7,19,,27.639561,85.04029,2200,27.63603,85.053392,1833,Reports,Nepal,,,Intense rainfall,,,,,,,,https://www.researchgate.net/profile/Megh-Dhital/publication/279544670_Causes_and_consequences_of_the_1993_debris_flows_and_landslides_in_the_Kulekhani_watershed_central_Nepal/links/5bd1ab97299bf14eac8421f9/Causes-and-consequences-of-the-1993-debris-flows-and-landslides-in-the-Kulekhani-watershed-central-Nepal.pdf,,,
348,Agra Khola,1993,1993,7,19,,NA,NA,NA,27.752499,85.064321,610,Observation,Nepal,Bagmati,,,,hillslope,,,,,,https://www.nepjol.info/index.php/JNGS/article/view/32143,,,
352,Ramche,2003,2003,8,15,18:00:00,28.025148,85.229849,2438,28.029862,85.194662,780,Observation,Nepal,,,rainfall,,hillslope,,,,15000,,https://agupubs.onlinelibrary.wiley.com/doi/full/10.1029/2008JF001198,,,
351,Matathirta,2002,2002,7,NA,,27.673976,85.221927,1880,27.672642,85.227958,1570,Observation,Nepal,,,rainfall,,hillslope,,,,,,https://www.researchgate.net/publication/255600544_Rainfall_Triggered_Flow-Like_Landslides_Understanding_from_Southern_Hills_of_Kathmandu_Nepal_and_Northern_Shikoku_Japan,,,
301,Zana Co,1995,1995,6,6,,28.662,85.371,5031,28.698,85.282,3880,Observation,China,TAR,,lake drainage,,"lake, periglacial terrain","GLOF, ice avalanche",,,,,"(Shrestha et al., 2023)",,,
362,Melamchi,2021,2021,6,14,8:00:00,28.131,85.515,4774,28.105,85.544,3648,Reports,Nepal,Bagmati,,"Rainfall, snow melt","glacial lake, landslide deposit","hillslope, gully, lake",GLOF,"landslide dam, bank erosion",,,,"Maharjan, S.B., Steiner, J.F., Shrestha, A.B., Maharjan, A., Nepal, S., Shrestha, M., Bajracharya, B., Rasul, G., Shrestha, M., Jackson, M., Gupta, N., 2021. The Melamchi flood disaster: Cascading hazard and the need for multihazard risk management - ICIMOD. ICIMOD, Kathmandu, Nepal.",https://kathmandupost.com/health/2021/06/20/families-displaced-by-melamchi-floods-refuse-covid-19-tests-fearing-separation,,
356,Timbu,2015,2015,7,NA,NA,27.966985,85.574544,2400,27.953685,85.546666,1370,Observation,Nepal,,,rainfall,earthquake,"hillslope, road",,,,,,,https://www.youtube.com/watch?v=0K7nPDZCtv4,,
364,,2021,2021,6,14,,28.153607,85.548019,4950,28.101636,85.59279,3665,,Nepal,,Melamchi,rainfall,,periglacial terrain,,,,,,(This study),,,
308,,2002,2002,NA,NA,,28.14,85.92,4870,28.154774,85.920192,4560,Observation,China,TAR,Nyalam,lake drainage,,"lake, periglacial terrain","GLOF, ice avalanche",,,,,"(Shrestha et al., 2023)",,,
137,Jialongco,2002,2002,5,23,,28.213134,85.850819,4369,28.19297,85.92412,4075,,China,TAR,Poiqu,ice avalanche,,lake,GLOF,,,100000,1242,10.2747/0272-3646.31.6.513,,,
138,Jialongco,2002,2002,6,29,,28.213134,85.850819,4369,28.19297,85.92412,4075,,China,TAR,Poiqu,unknown,,lake,GLOF,,,,,10.2747/0272-3646.31.6.513,,,
349,,1996,1996,7,22,24:00:00,27.989557,85.879383,4120,27.932199,85.93658,1420,Reports,Nepal,,,Intense rainfall,landslide dam,,,,,182000,,10.1111/j.1440-1738.2005.00495.x,,,
63,Cirenmaco,1981,1981,7,11,,28.067,86.065,4644,27.973413,85.964012,1770,,China,TAR,Poiqu,ice avalanche,,lake,GLOF,,,19000000,16000,10.2747/0272-3646.31.6.513,,,
31,Taaco,1935,1935,8,28,NA,28.295,86.132,5252,28.453,86.176,4550,Observation,China,TAR,Poiqu,"lake drainage, ice avalanche",,lake,GLOF,,,2100000,1036,doi://10.2747/0272-3646.31.6.508,,,
313,,2018,2018,7,8,,28.244,86.321,5390,28.2190 ,86.2830 ,4850,Observation,China,TAR,Rongxia,"lake drainage, rainfall",,"lake, periglacial terrain",GLOF,,,,,"(Shrestha et al., 2023)",,,
306,Upper Langbu Co,1992,1992,NA,NA,,27.929,86.447,5201,28.04068,86.32168,3290,Observation,China,TAR,Rongxia,lake drainage,,"lake, periglacial terrain","GLOF, ice avalanche",,,,,"(Shrestha et al., 2023)",,,
50,Ayaco,1969,1969,8,17,,28.346,86.49,5533,28.58541,86.58843,4330,,China,TAR,Pumqu,ice avalanche,,lake,GLOF,,,,,10.2747/0272-3646.31.6.510,,,
53,Ayaco,1970,1970,8,18,,28.346,86.49,5533,28.58541,86.58843,4330,,China,TAR,Pumqu,ice avalanche,,lake,GLOF,,,,,10.2747/0272-3646.31.6.511,,,
345,Dig Tsho,1985,1985,8,4,NA,27.874,86.594,4387,27.826144,86.664192,3534,,Nepal,Koshi,Dudh Koshi,,,lake,GLOF,landslide dammed lake,,3300000,2600,Shrestha et al 2023,,,
344,Nare,1977,1977,9,3,,27.828,86.839,4765,27.855,86.794,3905,,Nepal,Koshi,Dudh Koshi,,,lake,GLOF,,,,,,,,
358,Lower Barun,2017,2017,4,20,NA,27.814,87.141,5026,27.72654,87.22062,3130,Observation,Nepal,,,lake drainage,,"periglacial terrain, lake","GLOF, rockfall",,,1300000,4400,"Byers, A.C., Rounce, D.R., Shugar, D.H., Lala, J.M., Byers, E.A., Regmi, D., 2019. A rockfall-induced glacial lake outburst flood, Upper Barun Valley, Nepal. Landslides 16, 533–549. https://doi.org/10.1007/s10346-018-1079-9",,,
263,,2021,2021,7,21,1:30:00,,,,29.138464,87.249474,4133,Observation,China,,,,,,,,,,,https://link.springer.com/article/10.1007/s10346-022-01936-1,,,
365,,2023,2023,6,18,,27.35825,87.46195,2780,27.25811,87.30739,490,Reports,Nepal,,Arun,"Rainfall, Landslides",,,,,,,,(this study),https://kathmandupost.com/province-no-1/2023/06/18/number-of-people-missing-in-sankhuwasabha-flood-reaches-21,,
355,Taplejung,2015,2015,6,10,,NA,NA,NA,27.380932,87.642464,NA,Observation,Nepal,,,,,hillslope,,,,,,,https://www.sff.or.jp/nepal/osirase/NEAD%20Amatya%20edited%20final%20Report%20on%20Lanslide%20Disasaster%20Management%20in%20Nepal%200315%20(1).pdf,,
42,Gelhaipco,1964,1964,9,21,,27.964,87.816,5266,28.008,87.687,4585,Observation,China,TAR,Pumqu,ice avalanche,,lake,GLOF,,,7170000,6048,10.2747/0272-3646.31.6.508,,,
66,Kingco,1982,1982,8,27,,27.951,87.908,5172,27.988,87.951,4886,,China,TAR,Pumqu,ice avalanche,,lake,GLOF,,,4270000,,10.2747/0272-3646.31.6.513,,,
343,South Lonak,2023,2023,10,4,,27.9121,88.1926,5228,27.24227,88.477092,370,,India,Sikkim,Teesta,"rainfall, permafrost thaw",,lake,GLOF,,,,,(this study),,,
305,Rejie Co,1992,1992,NA,NA,,27.965,88.893,5435,27.972,88.961,5005,Observation,China,TAR,Nian Chu,lake drainage,,"lake, periglacial terrain",GLOF,,,,,"(Shrestha et al., 2023)",,,
299,Qongbixiamu,1940,1940,7,10,,27.85,88.915,4767,27.727,88.968,3849,Observation,China,TAR,,lake drainage,,"lake, periglacial terrain",GLOF,,,,,"(Shrestha et al., 2023)",,,
12,Dhamchuna,1993,1993,8,11,,NA,NA,NA,27.477456,89.347558,2430,Observation,Bhutan,,,rainfall,,hillslope,,,,,,,https://www.nchm.gov.bt/attachment/ckfinder/userfiles/files/campendium.pdf,,
11,,1990,1990,6,2,14:00:00,26.886555,89.417915,550,26.865773,89.376502,214,Observation,Bhutan,,,rainfall,,hillslope,,,,,,,https://www.nchm.gov.bt/attachment/ckfinder/userfiles/files/campendium.pdf,,
17,Pasakha,2000,2000,8,2,,NA,NA,NA,26.839189,89.446078,315,,Bhutan,,Barsa,rainfall,,NA,LLOF,,,,,,https://www.adrc.asia/view_disaster_en.php?NationCode=&Lang=en&Key=144,,
13,Luggye Tsho,1994,1994,10,7,,28.092,90.299,4520,27.35,89.52,1220,,Bhutan,Punakha,Pho Chhu ,landslide,,lake,GLOF,,,18000000,2500,"Ives, J.D., Shrestha, R.B., Mool, P.K., 2010. Formation of Glacial Lakes in the Hindu Kush-Himalayas and GLOF Risk Assessment. ICIMOD, Kathmandu, Nepal; Komori, J., Koike, T., Yamanokuchi, T., Tshering, P., 2012. Glacial Lake Outburst Events in the Bhutan Himalayas. Global Environmental Research 16, 59–70; Gurung, D.R., Khanal, N.R., Bajracharya, S.R., Tsering, K., Joshi, S., Tshering, P., Chhetri, L.K., Lotay, Y., Penjor, T., 2017. Lemthang Tsho glacial Lake outburst flood (GLOF) in Bhutan: cause and impact. Geoenvironmental Disasters 4, 17. https://doi.org/10.1186/s40677-017-0080-2",,,
37,Sangwangco,1954,1954,7,16,,28.238799,90.109247,5150,28.925312,89.580432,4015,Observation,China,TAR,Nian Chu,ice calving,,lake,GLOF,,,,10000,10.2747/0272-3646.31.6.508,,,
300,Chongbaxiacuo,2001,2001,8,6,,28.211108,89.744989,4916,28.257,89.627,4576,Observation,China,TAR,,lake drainage,,"lake, periglacial terrain",GLOF,,,,,"(Shrestha et al., 2023)",,,
26,Laya,2021,2021,6,16,NA,NA,NA,NA,28.061793,89.708745,3452,Observation,Bhutan,,,,,NA,,,,,,,https://www.nchm.gov.bt/attachment/ckfinder/userfiles/files/Compendium%20of%20extreme%20events%20vol2.pdf,,
27,Laya,2021,2021,6,26,2:00:00,NA,NA,NA,28.061793,89.708745,3452,Observation,Bhutan,,,,,NA,,,,,,,https://www.nchm.gov.bt/attachment/ckfinder/userfiles/files/Compendium%20of%20extreme%20events%20vol2.pdf,,
22,Lemthang Tsho ,2015,2015,7,28,,28.069,89.58,4263,28.004,89.735,3265,,Bhutan,Punakha,Mo Chhu ,rainfall,,lake,GLOF,,,370000,1562,https://doi.org/10.1186/s40677-017-0080-2,,,
15,Punakha,1994,1994,8,9,,NA,NA,NA,27.58314,89.861865,1220,Observation,Bhutan,,,NA,,periglacial terrain,,,,,,,https://www.nchm.gov.bt/attachment/ckfinder/userfiles/files/campendium.pdf,,
25,Bjeezam,2020,2020,10,1,17:30:00,27.497686,90.408751,2800,27.522665,90.457986,1887,Observation,Bhutan,,,,,hillslope,,landslide dammed lake,,,,,https://www.nchm.gov.bt/attachment/ckfinder/userfiles/files/Compendium%20of%20extreme%20events%20vol2.pdf,,
62,Zarico,1981,1981,6,24,,28.2995,90.6072,5350,28.37,90.638,4290,Deposit,China,TAR,Luozha Zhangmu,ice avalanche,,lake,GLOF,,,,,10.2747/0272-3646.31.6.513,,,
28,Luentse,2023,2023,7,20,,NA,NA,NA,27.5263,91.1281,1166,Reports,Bhutan,,,Rainfall,,,,,,,,(this study),https://kuenselonline.com/search-continues-for-16-missing-persons/,,
19,Tsatichhu,2004,2004,7,10,16:20:00,27.440492,91.12955,1090,27.216184,91.203534,500,,Bhutan,,Kuri Chhu,rainfall,,lake,LLOF,,,,5900,https://link.springer.com/article/10.1007/s10346-005-0032-x,,,
23,Kholongchhu,2017,2017,6,28,18:00:00,NA,NA,NA,27.83042,91.433333,2830,Observation,Bhutan,,,NA,,NA,,,,,,,https://www.nchm.gov.bt/attachment/ckfinder/userfiles/files/Compendium%20of%20extreme%20events%20vol2.pdf,,
16,Trashiyangtse,1999,1999,9,18,,27.665675,91.361909,3260,27.667595,91.442518,1928,Observation,Bhutan,,,NA,,hillslope,,,,,,,https://www.nchm.gov.bt/attachment/ckfinder/userfiles/files/campendium.pdf,,
20,Trashiyangtse,2004,2004,7,9,,27.665675,91.361909,3260,27.667595,91.442518,1928,Observation,Bhutan,,,NA,,hillslope,,,,,,,https://www.nchm.gov.bt/attachment/ckfinder/userfiles/files/campendium.pdf,,
14,Trashigang,1994,1994,7,30,,27.301308,91.57552,2050,27.33121,91.551659,1100,Observation,Bhutan,,,rainfall,,hillslope,,,,,,,https://www.nchm.gov.bt/attachment/ckfinder/userfiles/files/campendium.pdf,,
24,Trashigang,2018,2018,7,22,,27.301308,91.57552,2050,27.33121,91.551659,1100,Observation,Bhutan,,,rainfall,,hillslope,,,,,,,https://www.nchm.gov.bt/attachment/ckfinder/userfiles/files/Compendium%20of%20extreme%20events%20vol2.pdf,,
21,Trashiyangtse,2004,2004,7,10,7:30:00,27.269547,91.618634,2850,27.347571,91.624652,970,Observation,Bhutan,,,NA,,hillslope,,,,,,,https://www.nchm.gov.bt/attachment/ckfinder/userfiles/files/campendium.pdf,,
18,Phongme,2003,2003,8,11,10:45:00,27.356932,91.757094,2490,27.384183,91.736162,1390,Observation,Bhutan,,,NA,,hillslope,,,,,,,https://www.nchm.gov.bt/attachment/ckfinder/userfiles/files/campendium.pdf,,
298,Zemaicuo,2009,2009,7,3,,28.015,92.343,5300,28.032,92.348,4880,Observation,China,TAR,Parlung,lake drainage,,"lake, periglacial terrain",GLOF,,,,,"(Shrestha et al., 2023)",,,
342,Kameng,2021,2021,10,29,10:30:00,27.929913,92.665978,6400,27.530447,92.975945,470,Observation,India,Arunachal Pradesh,Kameng,,,,ice-rock avalanche,,,,,,https://blogs.agu.org/landslideblog/2021/11/01/a-large-landslide-or-glacial-lake-outburst-in-the-headwaters-of-the-kameng-river-in-northern-india/,,
48,Damenhaico,1968,1968,8,15,,29.867675,93.04072,5230,29.936,93.151,3490,,China,TAR,Nyang,ice avalanche,,lake,GLOF,,,,,10.2747/0272-3646.31.6.509,,,
43,Damenhaico,1964,1964,9,26,,29.867675,93.04072,5230,29.936,93.152,3485,Observation,China,TAR,Gongbujiangda/Tangbulang (Nyang) ,ice avalanche,,lake,GLOF,,,1070000,2812,10.2747/0272-3646.31.6.508,,,
311,Ranzeria Co,2013,2013,7,5,,30.469308,93.53215,5020,30.4240 ,93.5050 ,4498,Observation,China,TAR,Bianba,lake drainage,,"lake, periglacial terrain",GLOF,,,,,"(Shrestha et al., 2023)",,,
310,Cuoga,2009,2009,7,29,,30.83,94,4737,30.6920 ,93.9630 ,3990,Observation,China,TAR,Bianba,lake drainage,,"lake, periglacial terrain","GLOF, ice avalanche",,,,,"(Shrestha et al., 2023)",,,
312,Tula Co,2015,2015,7,3,,30.736667,94.253056,5040,30.7073 ,94.2619 ,3970,Observation,China,TAR, ,lake drainage,,"lake, periglacial terrain",GLOF,,,,,"(Shrestha et al., 2023)",,,
303,Boge Co,1974,1974,7,6,,32.061983,94.304445,5027,32.091566,94.319879,4690,Observation,China,TAR,,lake drainage,,"lake, periglacial terrain",GLOF,,,,,"(Shrestha et al., 2023)",,,
226,,2015,2015,8,19,20:45:00,29.545019,94.290139,4309,29.600098,94.35768,3003,Observation,China,,,rainfall,,,,,,,,https://www.tandfonline.com/doi/full/10.1080/19475705.2018.1508507,,,
296,Zhilong,1960,1960,8,NA,,30.056518,94.862692,4280,29.9970 ,94.8717 ,2900,Observation,China,TAR,Parlung,glacier melt,,periglacial terrain,,,,,,,http://lib-bingchuan.museum.chaoxing.com/info/20934.jspx,,
297,Zhilong,1966,1966,7,20,,30.056518,94.862692,4280,29.9970 ,94.8717 ,2900,Observation,China,TAR,Parlung,glacier melt,,periglacial terrain,,,,,,,http://lib-bingchuan.museum.chaoxing.com/info/20934.jspx,,
272,Lebai,2013,2013,NA,NA,,29.691232,94.972248,4700,29.720268,94.928099,2800,Observation,China,TAR,,rainfall,,periglacial terrain,,,,8450000,,https://link.springer.com/article/10.1007/s12665-022-10694-1,,,
273,Lebai,2013,2013,8,20,,29.691232,94.972248,4700,29.720268,94.928099,2800,Observation,China,TAR,,rainfall,,periglacial terrain,,,,53500000,,https://link.springer.com/article/10.1007/s12665-022-10694-1,,,
34,Zelunglung,1950,1950,8,15,,29.616726,94.989868,3950,29.606651,94.936275,2860,Observation,China,,,,earthquake,glacier,glacier detachment,"ice avalanche, landslide dammed lake",,,,https://www.cambridge.org/core/services/aop-cambridge-core/content/view/FA04384C18A43944188E7480FFD2254F/S0260305500005012a.pdf/identification-of-glaciers-with-surge-characteristics-on-the-tibetan-plateau.pdf,,,
47,Zelunglung,1968,1968,7,NA,NA,29.616726,94.989868,3950,29.606651,94.936275,2860,Observation,China,,,,,glacier,glacier detachment,,,,,https://www.cambridge.org/core/services/aop-cambridge-core/content/view/FA04384C18A43944188E7480FFD2254F/S0260305500005012a.pdf/identification-of-glaciers-with-surge-characteristics-on-the-tibetan-plateau.pdf,,,
75,Zelunglung,1984,1984,4,13,NA,29.616726,94.989868,3950,29.606651,94.936275,2860,Observation,China,,,,,glacier,glacier detachment,,,,,https://www.cambridge.org/core/services/aop-cambridge-core/content/view/FA04384C18A43944188E7480FFD2254F/S0260305500005012a.pdf/identification-of-glaciers-with-surge-characteristics-on-the-tibetan-plateau.pdf,,,
136,Yigong,2000,2000,4,9,20:00:00,30.240939,94.991197,5520,30.175173,94.940757,2219,Observation,China,TAR,Bomi,"rainfall, melt",,periglacial terrain,landslide,landslide dammed lake,,300000000,,"10.1177/0309133320961705, 10.1016/S0169-555X(02)00358-6",,,
205,Yigong/Zhamu,2010,2010,5,11,,30.231736,94.989373,4050,30.175892,94.940957,2250,Observation,China,TAR,Bomi,,,periglacial terrain,,,,,,https://link.springer.com/article/10.1007/s11629-014-3080-7,,,
223,Sedongpu,2014,2014,,,,29.789657,94.922205,3651,29.748668,94.941491,2764,Observation,China,,,,,,,,,,,http://en.dzkx.org/article/doi/10.13544/j.cnki.jeg.2018-401,,,
244,Sedongpu,2017,2017,10,22,,29.789657,94.922205,3651,29.748668,94.941491,2764,Observation,China,,,,,,,,,,,http://en.dzkx.org/article/doi/10.13544/j.cnki.jeg.2018-401,,,
245,Sedongpu,2017,2017,11,,,29.789657,94.922205,3651,29.748668,94.941491,2764,Observation,China,,,,,,,,,,,http://en.dzkx.org/article/doi/10.13544/j.cnki.jeg.2018-401,,,
246,Sedongpu,2017,2017,12,,,29.789657,94.922205,3651,29.748668,94.941491,2764,Observation,China,,,,,,,,,,,http://en.dzkx.org/article/doi/10.13544/j.cnki.jeg.2018-401,,,
252,Sedongpu,2018,2018,10,17,,29.789657,94.922205,3651,29.748668,94.941491,2764,Observation,China,,,,,,glacier detachment,landslide dammed lake,,130000000,,https://nhess.copernicus.org/articles/23/3015/2023/,,,
253,Sedongpu,2018,2018,10,29,,29.815717,94.949777,5500,29.748668,94.941491,2764,Observation,China,,,,,,ice-rock avalanche,landslide dammed lake,,50000000,,http://en.dzkx.org/article/doi/10.13544/j.cnki.jeg.2018-401,,,
254,Sedongpu,2018,2018,1,,,29.789657,94.922205,3651,29.748668,94.941491,2764,Observation,China,,,,,,,,,,,http://en.dzkx.org/article/doi/10.13544/j.cnki.jeg.2018-401,,,
255,Sedongpu,2018,2018,7,,,29.789657,94.922205,3651,29.748668,94.941491,2764,Observation,China,,,,,,,,,,,http://en.dzkx.org/article/doi/10.13544/j.cnki.jeg.2018-401,,,
68,Pailong Gully,1983,1983,7,28,,30.095506,94.934573,3232,30.04103,95.012665,2032,Observation,China,,,"rainfall, melt",,periglacial terrain,"ice-rock avalanche, GLOF",,,,2950,"https://link.springer.com/article/10.1007/s10064-021-02109-5, https://link.springer.com/article/10.1007/s11629-020-6172-6",,,
70,Pailong Gully,1983,1983,8,NA,NA,30.095506,94.934573,3232,30.04103,95.012665,2032,Observation,China,TAR,,,,periglacial terrain,,,,,,https://link.springer.com/article/10.1007/s10064-021-02109-5,,,
71,Pailong Gully,1983,1983,9,21,NA,30.095506,94.934573,3232,30.04103,95.012665,2032,Observation,China,TAR,,,,periglacial terrain,,,,,,https://link.springer.com/article/10.1007/s10064-021-02109-5,,,
72,Pailong Gully,1984,1984,8,23,,30.095506,94.934573,3232,30.04103,95.012665,2032,Observation,China,,,"rainfall, melt",,periglacial terrain,ice-rock avalanche,,,,5245,https://link.springer.com/article/10.1007/s11629-020-6172-6,,,
84,Pailong Gully,1984,1984,6,16,NA,30.095506,94.934573,3232,30.04103,95.012665,2032,Observation,China,TAR,,,,periglacial terrain,,,,,,https://link.springer.com/article/10.1007/s10064-021-02109-5,,,
85,Pailong Gully,1984,1984,7,2,NA,30.095506,94.934573,3232,30.04103,95.012665,2032,Observation,China,TAR,,,,periglacial terrain,,,,,,https://link.springer.com/article/10.1007/s10064-021-02109-5,,,
86,Pailong Gully,1984,1984,7,27,NA,30.095506,94.934573,3232,30.04103,95.012665,2032,Observation,China,TAR,,,,periglacial terrain,,,,,,https://link.springer.com/article/10.1007/s10064-021-02109-5,,,
87,Pailong Gully,1984,1984,8,1,NA,30.095506,94.934573,3232,30.04103,95.012665,2032,Observation,China,TAR,,,,periglacial terrain,,,,,,https://link.springer.com/article/10.1007/s10064-021-02109-5,,,
88,Pailong Gully,1984,1984,8,5,NA,30.095506,94.934573,3232,30.04103,95.012665,2032,Observation,China,TAR,,,,periglacial terrain,,,,,,https://link.springer.com/article/10.1007/s10064-021-02109-5,,,
89,Pailong Gully,1984,1984,8,7,NA,30.095506,94.934573,3232,30.04103,95.012665,2032,Observation,China,TAR,,,,periglacial terrain,,,,,,https://link.springer.com/article/10.1007/s10064-021-02109-5,,,
90,Pailong Gully,1984,1984,10,15,NA,30.095506,94.934573,3232,30.04103,95.012665,2032,Observation,China,TAR,,,,periglacial terrain,,,,,,https://link.springer.com/article/10.1007/s10064-021-02109-5,,,
91,Pailong Gully,1985,1985,6,18,,30.095506,94.934573,3232,30.04103,95.012665,2032,Observation,China,,,"rainfall, melt",,periglacial terrain,ice-rock avalanche,landslide dammed lake,,,8195,"https://link.springer.com/article/10.1007/s11629-020-6172-6, Zou, Q., Cui, P., Zhou, G. G., Li, S., Tang, J., & Li, S. (2018). A new approach to assessing vulnerability of mountain highways subject to debris flows in China. Progress in Physical Geography: Earth and Environment, 42(3), 305–329. doi:10.1177/0309133318770985 ",,,
92,Pailong Gully,1985,1985,5,29,,30.095506,94.934573,3232,30.04103,95.012665,2032,Observation,China,,,,,periglacial terrain,,,,,,https://link.springer.com/article/10.1007/s11629-020-6172-6,,,
98,Pailong Gully,1986,1986,6,14,NA,30.095506,94.934573,3232,30.04103,95.012665,2032,Observation,China,,,,,periglacial terrain,,,,,,https://link.springer.com/article/10.1007/s11629-020-6172-6,,,
102,Pailong Gully,1987,1987,6,12,NA,30.095506,94.934573,3232,30.04103,95.012665,2032,Observation,China,,,,,periglacial terrain,,,,,,https://link.springer.com/article/10.1007/s11629-020-6172-6,,,
107,Pailong Gully,1988,1988,8,17,NA,30.095506,94.934573,3232,30.04103,95.012665,2032,Observation,China,,,,,periglacial terrain,,,,,,https://link.springer.com/article/10.1007/s11629-020-6172-6,,,
225,Pailong Gully,2015,2015,8,17,,30.095506,94.934573,3232,30.04103,95.012665,2032,Observation,China,,,"rainfall, melt",,periglacial terrain,,landslide dammed lake,,,,https://link.springer.com/article/10.1007/s11629-020-6172-6,,,
294,Tongde,1960,1960,8,25,,30.131158,95.155481,3900,30.10194,95.111276,2180,Observation,China,TAR,Parlung,glacier melt,,periglacial terrain,,,,,,,http://lib-bingchuan.museum.chaoxing.com/info/20934.jspx,,
295,Tongde,1966,1966,9,NA,,30.131158,95.155481,3900,30.10194,95.111276,2180,Observation,China,TAR,Parlung,glacier melt,,periglacial terrain,,,,,,,http://lib-bingchuan.museum.chaoxing.com/info/20934.jspx,,
115,Suotong,1991,1991,7,26,,30.04367,95.321918,3480,30.014808,95.292019,2400,,China,,Parlung,,,periglacial terrain,,,,,,https://www.hindawi.com/journals/ace/2022/3510944/,,,
291,Bitong,2016,2016,9,6,6:30:00,30.022104,95.368566,3900,29.991115,95.316333,2443,Observation,China,TAR,Parlung,rainfall,,hillslope,,,,,,https://kd.nsfc.gov.cn/paperDownload/ZD3644102.pdf,,,
159,Bitong,2007,2007,9,5,NA,30.021849,95.373553,4456,29.99134,95.317405,2488,,China,,Parlung,,,periglacial terrain,,,,,,https://www.hindawi.com/journals/ace/2022/3510944/,,,
232,Bitong,2016,2016,9,5,NA,30.021849,95.373553,4456,29.99134,95.317405,2488,,China,,Parlung,,,periglacial terrain,,,,,,https://www.hindawi.com/journals/ace/2022/3510944/,,,
148,Tianmo,2007,2007,9,4,NA,29.939052,95.288023,5500,29.987695,95.319007,2466,Observation,China,,,high temperature and rainfall,,glacier headwall,ice-rock avalanche,,,1000000,,"10.1177/0309133320961705, https://www.sciencedirect.com/science/article/abs/pii/S0013795217308438",,,
191,Tianmo,2010,2010,7,25,,29.939052,95.288023,5500,29.987695,95.319007,2466,Observation,China,,,,,periglacial terrain,,,,500000,,"10.1177/0309133320961705, https://www.sciencedirect.com/science/article/abs/pii/S0013795217308438",,,
192,Tianmo,2010,2010,9,3,,29.939052,95.288023,5500,29.987695,95.319007,2466,Observation,China,,,,,periglacial terrain,,,,,,"10.1177/0309133320961705, https://www.sciencedirect.com/science/article/abs/pii/S0013795217308438",,,
251,Tianmo,2018,2018,7,11,,29.939052,95.288023,5500,29.987695,95.319007,2466,Observation,China,,,,,periglacial terrain,,,,,,"10.1177/0309133320961705, https://www.sciencedirect.com/science/article/abs/pii/S0013795217308438",,,
292,Chidanlongba,2016,2016,9,6,11:00:00,29.918872,95.318395,3700,29.986978,95.344751,2500,Observation,China,TAR,Parlung,rainfall,,hillslope,,,,,,https://kd.nsfc.gov.cn/paperDownload/ZD3644102.pdf,,,
235,Chidan,2016,2016,9,5,,29.9199,95.320993,3745,29.987376,95.3453,2490,,China,,Parlung,,,periglacial terrain,,,,,,https://www.hindawi.com/journals/ace/2022/3510944/,,,
217,Dada,2013,2013,8,4,NA,29.983224,95.387516,4100,29.971531,95.363801,2540,,China,,Parlung,,,periglacial terrain,,,,,,https://www.hindawi.com/journals/ace/2022/3510944/,,,
248,Dada,2017,2017,7,20,NA,29.983224,95.387516,4100,29.971531,95.363801,2540,,China,,Parlung,,,periglacial terrain,,,,,,https://www.hindawi.com/journals/ace/2022/3510944/,,,
224,Qiuzhu,2014,2014,NA,NA,,29.898079,95.351507,3930,29.951569,95.381285,2525,,China,,Parlung,,,periglacial terrain,,,,,,https://www.hindawi.com/journals/ace/2022/3510944/,,,
234,Qiuzhu,2016,2016,8,28,,29.898079,95.351507,3930,29.951569,95.381285,2525,,China,,Parlung,,,periglacial terrain,,,,,,https://www.hindawi.com/journals/ace/2022/3510944/,,,
109,Jiaolong,1988,1988,9,NA,,29.974288,95.414189,3916,29.932575,95.403013,2557,,China,,Parlung,,,periglacial terrain,,,,,,https://www.hindawi.com/journals/ace/2022/3510944/,,,
112,Jiaolong,1989,1989,8,15,,29.974288,95.414189,3916,29.932575,95.403013,2557,,China,,Parlung,,,periglacial terrain,,,,,,https://www.hindawi.com/journals/ace/2022/3510944/,,,
233,Jiaolong,2016,2016,9,5,,29.974288,95.414189,3916,29.932575,95.403013,2557,,China,,Parlung,,,periglacial terrain,,,,,,https://www.hindawi.com/journals/ace/2022/3510944/,,,
36,Guxiang Gully,1953,1953,9,,,29.962157,95.461337,3890,29.908673,95.451219,2654,Observation,China,,,moraine dam failure,earthquake,"periglacial terrain, gully",ice avalanche,,,11000000,,"10.1177/0309133320961705, https://www.frontiersin.org/articles/10.3389/fevo.2023.1166239/full",,,
46,Guxiang Gully,1965,1965,,,,29.962157,95.461337,3890,29.908673,95.451219,2654,Observation,China,,,rainfall,,,,,,20000000,,https://www.sciencedirect.com/science/article/abs/pii/S034181622200683X,,,
58,Guxiang Gully,1975,1975,,,,29.962157,95.461337,3890,29.908673,95.451219,2654,Observation,China,,,rainfall,,,,,,10000000,,https://www.sciencedirect.com/science/article/abs/pii/S034181622200683X,,,
59,Guxiang Gully,1975,1975,,,,29.962157,95.461337,3890,29.908673,95.451219,2654,Observation,China,,,rainfall,,,,,,10000000,,https://www.sciencedirect.com/science/article/abs/pii/S034181622200683X,,,
61,Guxiang Gully,1979,1979,NA,NA,,29.962157,95.461337,3890,29.908673,95.451219,2654,Observation,China,,,rainfall,,,,,,180000,,https://www.sciencedirect.com/science/article/abs/pii/S034181622200683X,,,
67,Guxiang Gully,1982,1982,NA,NA,,29.962157,95.461337,3890,29.908673,95.451219,2654,Observation,China,,,rainfall,,,,,,90000,,https://www.sciencedirect.com/science/article/abs/pii/S034181622200683X,,,
123,Guxiang Gully,1993,1993,NA,NA,,29.962157,95.461337,3890,29.908673,95.451219,2654,Observation,China,,,rainfall,,,,,,50000,,https://www.sciencedirect.com/science/article/abs/pii/S034181622200683X,,,
127,Guxiang Gully,1995,1995,NA,NA,,29.962157,95.461337,3890,29.908673,95.451219,2654,Observation,China,,,rainfall,,,,,,180000,,https://www.sciencedirect.com/science/article/abs/pii/S034181622200683X,,,
130,Guxiang Gully,1998,1998,NA,NA,,29.962157,95.461337,3890,29.908673,95.451219,2654,Observation,China,,,rainfall,,,,,,120000,,https://www.sciencedirect.com/science/article/abs/pii/S034181622200683X,,,
143,Guxiang Gully,2005,2005,NA,NA,,29.962157,95.461337,3890,29.908673,95.451219,2654,Observation,China,,,rainfall,,,,,,350000,,https://www.sciencedirect.com/science/article/abs/pii/S034181622200683X,,,
149,Guxiang Gully,2007,2007,7,12,,29.962157,95.461337,3890,29.908673,95.451219,2654,Observation,China,,,rainfall,,,,,,,,https://bioone.org/journals/mountain-research-and-development/volume-33/issue-1/MRD-JOURNAL-D-12-00053.1/Meteorological-Conditions-for-Frequent-Debris-Flows-from-Guxiang-Glacier-Mount/10.1659/MRD-JOURNAL-D-12-00053.1.full#i0276-4741-33-1-95-Wang1,,,
150,Guxiang Gully,2007,2007,7,13,,29.962157,95.461337,3890,29.908673,95.451219,2654,Observation,China,,,rainfall,,,,,,,,https://bioone.org/journals/mountain-research-and-development/volume-33/issue-1/MRD-JOURNAL-D-12-00053.1/Meteorological-Conditions-for-Frequent-Debris-Flows-from-Guxiang-Glacier-Mount/10.1659/MRD-JOURNAL-D-12-00053.1.full#i0276-4741-33-1-95-Wang1,,,
151,Guxiang Gully,2007,2007,7,25,,29.962157,95.461337,3890,29.908673,95.451219,2654,Observation,China,,,rainfall,,,,,,,,https://bioone.org/journals/mountain-research-and-development/volume-33/issue-1/MRD-JOURNAL-D-12-00053.1/Meteorological-Conditions-for-Frequent-Debris-Flows-from-Guxiang-Glacier-Mount/10.1659/MRD-JOURNAL-D-12-00053.1.full#i0276-4741-33-1-95-Wang1,,,
152,Guxiang Gully,2007,2007,8,1,,29.962157,95.461337,3890,29.908673,95.451219,2654,Observation,China,,,rainfall,,,,,,,,https://bioone.org/journals/mountain-research-and-development/volume-33/issue-1/MRD-JOURNAL-D-12-00053.1/Meteorological-Conditions-for-Frequent-Debris-Flows-from-Guxiang-Glacier-Mount/10.1659/MRD-JOURNAL-D-12-00053.1.full#i0276-4741-33-1-95-Wang1,,,
153,Guxiang Gully,2007,2007,8,2,,29.962157,95.461337,3890,29.908673,95.451219,2654,Observation,China,,,rainfall,,,,,,,,https://bioone.org/journals/mountain-research-and-development/volume-33/issue-1/MRD-JOURNAL-D-12-00053.1/Meteorological-Conditions-for-Frequent-Debris-Flows-from-Guxiang-Glacier-Mount/10.1659/MRD-JOURNAL-D-12-00053.1.full#i0276-4741-33-1-95-Wang1,,,
154,Guxiang Gully,2007,2007,8,3,,29.962157,95.461337,3890,29.908673,95.451219,2654,Observation,China,,,rainfall,,,,,,,,https://bioone.org/journals/mountain-research-and-development/volume-33/issue-1/MRD-JOURNAL-D-12-00053.1/Meteorological-Conditions-for-Frequent-Debris-Flows-from-Guxiang-Glacier-Mount/10.1659/MRD-JOURNAL-D-12-00053.1.full#i0276-4741-33-1-95-Wang1,,,
155,Guxiang Gully,2007,2007,8,8,,29.962157,95.461337,3890,29.908673,95.451219,2654,Observation,China,,,rainfall,,,,,,,,https://bioone.org/journals/mountain-research-and-development/volume-33/issue-1/MRD-JOURNAL-D-12-00053.1/Meteorological-Conditions-for-Frequent-Debris-Flows-from-Guxiang-Glacier-Mount/10.1659/MRD-JOURNAL-D-12-00053.1.full#i0276-4741-33-1-95-Wang1,,,
156,Guxiang Gully,2007,2007,8,9,,29.962157,95.461337,3890,29.908673,95.451219,2654,Observation,China,,,rainfall,,,,,,,,https://bioone.org/journals/mountain-research-and-development/volume-33/issue-1/MRD-JOURNAL-D-12-00053.1/Meteorological-Conditions-for-Frequent-Debris-Flows-from-Guxiang-Glacier-Mount/10.1659/MRD-JOURNAL-D-12-00053.1.full#i0276-4741-33-1-95-Wang1,,,
157,Guxiang Gully,2007,2007,9,4,,29.962157,95.461337,3890,29.908673,95.451219,2654,Observation,China,,,rainfall,,,,,,,,https://bioone.org/journals/mountain-research-and-development/volume-33/issue-1/MRD-JOURNAL-D-12-00053.1/Meteorological-Conditions-for-Frequent-Debris-Flows-from-Guxiang-Glacier-Mount/10.1659/MRD-JOURNAL-D-12-00053.1.full#i0276-4741-33-1-95-Wang1,,,
158,Guxiang Gully,2007,2007,9,6,,29.962157,95.461337,3890,29.908673,95.451219,2654,Observation,China,,,rainfall,,,,,,,,https://bioone.org/journals/mountain-research-and-development/volume-33/issue-1/MRD-JOURNAL-D-12-00053.1/Meteorological-Conditions-for-Frequent-Debris-Flows-from-Guxiang-Glacier-Mount/10.1659/MRD-JOURNAL-D-12-00053.1.full#i0276-4741-33-1-95-Wang1,,,
163,Guxiang Gully,2008,2008,NA,NA,,29.962157,95.461337,3890,29.908673,95.451219,2654,Observation,China,,,rainfall,,,,,,200000,,https://www.sciencedirect.com/science/article/abs/pii/S034181622200683X,,,
193,Guxiang Gully,2010,2010,7,25,,29.962157,95.461337,3890,29.908673,95.451219,2654,Observation,China,,,rainfall,,,,,,200000,,https://www.sciencedirect.com/science/article/abs/pii/S034181622200683X,,,
212,Guxiang Gully,2012,2012,NA,NA,,29.962157,95.461337,3890,29.908673,95.451219,2654,Observation,China,,,rainfall,,,,,,200000,,https://www.sciencedirect.com/science/article/abs/pii/S034181622200683X,,,
247,Guxiang Gully,2017,2017,NA,NA,,29.962157,95.461337,3890,29.908673,95.451219,2654,Observation,China,,,rainfall,,,,,,300000,,https://www.sciencedirect.com/science/article/abs/pii/S034181622200683X,,,
104,Zhataduo,1987,1987,7,NA,,29.946571,95.516394,3823,29.89782,95.517637,2696,,China,,Parlung,,,periglacial terrain,,,,,,https://www.hindawi.com/journals/ace/2022/3510944/,,,
227,Motuo,2015,2015,,,,NA,NA,NA,29.886451,95.674347,2775,Observation,China,,,"rainfall, glacier melt",,,,,,,,https://link.springer.com/article/10.1007/s12040-017-0913-0,,,
228,Zhuonuo,2015,2015,8,19,,NA,NA,NA,29.795173,95.853946,2824,Observation,China,,,"rainfall, glacier melt",,,,,,,,https://link.springer.com/article/10.1007/s12040-017-0913-0,,,
229,Rongqian,2015,2015,8,19,,NA,NA,NA,29.808026,95.870151,2850,Observation,China,,,rainfall,,,,,,,,https://link.springer.com/article/10.1007/s12040-017-0913-0,,,
293,Dongrungongba,1975,1975,6,12,,29.545,96.055,3900,29.499671,96.020493,3440,Observation,China,TAR,Parlung,"rainfall, glacier melt",,periglacial terrain,,landslide dammed lake,,,,https://www.cqvip.com/qk/90138a/200504/20239430.html,,,
230,Shalong,2015,2015,NA,NA,NA,NA,NA,NA,29.693073,96.202506,3188,Observation,China,,,rainfall,,,,,,,,https://link.springer.com/article/10.1007/s12040-017-0913-0,,,
309,Dalonggongba,2005,2005,9,,,29.752955,96.465935,5059,29.7660 ,96.4260 ,4335,Observation,China,TAR,Bomi,lake drainage,,"lake, periglacial terrain",GLOF,,,,,"(Shrestha et al., 2023)",,,
108,Guangxie Co,1988,1988,7,15,,29.47,96.5,3816,29.488447,96.493776,3744,,China,TAR,Bomi,ice avalanche,,lake,GLOF,,,3310000,1270,10.2747/0272-3646.31.6.513,,,
106,Midui,1988,1988,7,14,10:00:00,29.469647,96.49685,3848,29.537291,96.500709,3609,Observation,China,,,moraine dam failure,,,GLOF,,,1021000000,1021,10.1177/0309133320961705,,,
304,Gebumaco,1991,1991,6,12,,30.476389,96.556111,5030,30.466318,96.523587,3090,Observation,China,,,lake drainage,,lake,GLOF,,,,,"(Shrestha et al., 2023)",,,
189,Puladi,2010,2010,8,18,,NA,NA,NA,27.615252,98.765401,1400,Observation,China,,,Rainfall,,,,,,,,https://link.springer.com/article/10.1007/s11629-014-3080-7,"https://www.asianews.it/news-en/Yunnan,-another-mudslide-leaves-67-missing-19216.html",,
190,,2010,2010,7,26,,,,,27.59824,98.779431,1400,,China,,,Rainfall,,,,,,,,,"https://www.asianews.it/news-en/Yunnan,-another-mudslide-leaves-67-missing-19216.html",,
281,Shenshuicao,2021,2021,7,22,20:23:00,38.107083,100.259376,3600,38.129864,100.291937,2840,Observation,China,Gansu,,rainfall,,hillslope,,landslide dammed lake,2944300,,,https://link.springer.com/article/10.1007/s10346-022-01992-7,,,
265,,2021,2021,7,5,18:00:00,27.959679,101.386051,3335,27.89157,101.375081,2100,Observation,China,Sichuan,,rainfall,forrest fire,hillslope,,,,,,https://agupubs.onlinelibrary.wiley.com/doi/full/10.1029/2022JF006846,,,
266,,2021,2021,6,8,,27.959679,101.386051,3335,27.89157,101.375081,2100,Observation,China,Sichuan,,rainfall,forrest fire,hillslope,,,,,,https://agupubs.onlinelibrary.wiley.com/doi/full/10.1029/2022JF006846,,,
201,Yandai,2010,2010,7,13,,28.456946,101.705405,2700,28.46019,101.745979,1590,,China,Sichuan,,unknown,,hillslope,,,,,,https://link.springer.com/article/10.1007/s11629-014-3080-7,,,
271,Erkazi,2014,2014,8,9,,30.838265,101.686845,4200,30.789376,101.748507,2200,Observation,China,Sichuan,,rainfall,,periglacial terrain,,,,,367.8,10.1016/j.catena.2022.106086,,,
275,Shuikazi,1953,1953,NA,NA,NA,31.057914,101.774814,4150,31.087225,101.867235,2000,Observation,China,Sichuan,,rainfall,,hillslope,,,,,,https://link.springer.com/article/10.1007/s10346-004-0041-1,,,
276,Shuikazi,1977,1977,NA,NA,NA,31.057914,101.774814,4150,31.087225,101.867235,2000,Observation,China,Sichuan,,rainfall,,hillslope,,,,,,https://link.springer.com/article/10.1007/s10346-004-0041-1,,,
274,Shuikazi,2003,2003,7,11,23:20:00,31.057914,101.774814,4150,31.087225,101.867235,2000,Observation,China,Sichuan,,rainfall,,hillslope,,,,,4836,https://link.springer.com/article/10.1007/s10346-004-0041-1,,,
277,Xianbuleng,2006,2006,7,4,0:00:00,31.226942,101.931691,4000,31.204093,102.006236,2090,Observation,China,Sichuan,,rainfall,,hillslope,,,,,,https://citeseerx.ist.psu.edu/document?repid=rep1&type=pdf&doi=8b95eacff49312c9372770f80f7aa97b67f4e16b,,,
278,Xianbuleng,2007,2007,7,19,,31.226942,101.931691,4000,31.204093,102.006236,2090,Observation,China,Sichuan,,rainfall,,hillslope,,,,,,https://citeseerx.ist.psu.edu/document?repid=rep1&type=pdf&doi=8b95eacff49312c9372770f80f7aa97b67f4e16b,,,
260,Meilong,2020,2020,6,17,4:00:00,31.044006,101.968769,4400,30.983115,102.023631,2124,,China,,Sichuan,rainfall,,hillslope,,"landslide dammed lake, landslide",,240000,,"https://www.frontiersin.org/articles/10.3389/feart.2022.827438/full, 10.1007/s10064-022-02614-1",,,
256,,2019,2019,6,27,20:30:00,NA,NA,NA,31.138341,102.062391,2820,Observation,China,Sichuan,,,,,,,,,,https://www.tandfonline.com/doi/full/10.1080/19475705.2021.2000045#,,,
287,Hailuo,1980,1980,7,NA,,NA,NA,NA,29.6104,102.1122,1720,Observation,China,Sichuan,,"rainfall, glacier melt",,"periglacial terrain, hillslope",,,,,,https://www.cqvip.com/qk/93756x/199201/709112.html,,,
288,Hailuo,1981,1981,7,NA,,NA,NA,NA,29.6104,102.1122,1720,Observation,China,Sichuan,,"rainfall, glacier melt",,"periglacial terrain, hillslope",,,,,,https://www.cqvip.com/qk/93756x/199201/709112.html,,,
289,Hailuo,1989,1989,7,NA,,NA,NA,NA,29.6104,102.1122,1720,Observation,China,Sichuan,,"rainfall, glacier melt",,"periglacial terrain, hillslope",,,,,,https://www.cqvip.com/qk/93756x/199201/709112.html,,,
290,Hailuo,2005,2005,7,NA,,NA,NA,NA,29.6104,102.1122,1720,Observation,China,Sichuan,,"rainfall, glacier melt",,"periglacial terrain, hillslope",,,,,,https://link.springer.com/article/10.1007/s11069-010-9545-2#Tab4,,,
142,,2004,2004,8,24,NA,NA,NA,NA,27.224311,102.116379,1540,,China,Sichuan,,rainfall,,NA,,,,,,https://link.springer.com/article/10.1007/s10064-019-01667-z,,,
145,,2005,2005,8,11,18:00:00,29.566664,101.990283,3000,29.636117,102.122253,1490,,China,Sichuan,,"rainfall, glacier melt",,"periglacial terrain, hillslope",,landslide dammed lake,,,,https://link.springer.com/article/10.1007/s11069-010-9545-2#Tab4,,,
283,Yanzi,1955,1955,7,NA,,29.566664,101.990283,3000,29.6361,102.1223,1490,Observation,China,Sichuan,,"rainfall, glacier melt",,"periglacial terrain, hillslope",,landslide dammed lake,,,,https://www.cqvip.com/qk/71135x/201107/25555953.html,,,
284,Yanzi,1966,1966,7,15,,29.566664,101.990283,3000,29.6361,102.1223,1490,Observation,China,Sichuan,,"rainfall, glacier melt",,"periglacial terrain, hillslope",,,,,,https://www.cqvip.com/qk/71135x/201107/25555953.html,,,
285,Yanzi,1976,1976,6,6,,29.566664,101.990283,3000,29.6361,102.1223,1490,Observation,China,Sichuan,,"rainfall, glacier melt",,"periglacial terrain, hillslope",,,,,,https://www.cqvip.com/qk/71135x/201107/25555953.html,,,
286,Yanzi,2003,2003,7,26,,29.566664,101.990283,3000,29.6361,102.1223,1490,Observation,China,Sichuan,,"rainfall, glacier melt",,"periglacial terrain, hillslope",,,,,,https://www.cqvip.com/qk/71135x/201107/25555953.html,,,
259,,2020,2020,7,6,4:00:00,30.989992,102.176375,4123,31.036024,102.172903,2177,Observation,China,Sichuan,,"rainfall, increase in pore water pressure",,hillslope,,,5930000,43995.6,,https://link.springer.com/article/10.1007/s11069-021-04803-9,,,
29,NA,1874,1874,NA,NA,NA,28.125142,102.206711,1900,28.0942,102.18394,1600,Observation,China,Sichuan,Jinsha,unknown,,hillslope,,,,,1000,"Debris flow control and management: Case studies from the Sichuan and Yunnan provinces of China, Jishan et al.",,,
45,,1964,1964,,,,28.125142,102.206711,1900,28.0942,102.18394,1600,,China,Sichuan,Jinsha,NA,,,,,,,200,"Debris flow control and management: Case studies from the Sichuan and Yunnan provinces of China, Jishan et al.",,,
55,,1971,1971,6,30,,28.125142,102.206711,1900,28.0942,102.18394,1600,,China,Sichuan,Jinsha,NA,,,,,,,105,"Debris flow control and management: Case studies from the Sichuan and Yunnan provinces of China, Jishan et al.",,,
57,,1972,1972,9,11,,28.125142,102.206711,1900,28.0942,102.18394,1600,,China,Sichuan,Jinsha,NA,,,,,,,,"Debris flow control and management: Case studies from the Sichuan and Yunnan provinces of China, Jishan et al.",,,
83,,1984,1984,9,2,NA,28.611616,102.205113,2140,28.61533,102.201233,2050,,China,,,,,hillslope,,landslide dammed lake,,,,"Debris flows and their prevention, Bangxing et al. n.d.",,,
144,,2005,2005,6,30,NA,NA,NA,NA,29.804111,102.202833,1308,,China,Sichuan,,rainfall,,hillslope,,,,24000,,https://link.springer.com/article/10.1007/s11069-010-9545-2#Tab4,,,
54,,1970,1970,5,26,NA,NA,NA,NA,28.301187,102.227552,1650,,China,Sichuan,,rainfall,,,,,,,,https://link.springer.com/article/10.1007/s10064-019-01667-z,,,
141,,2003,2003,6,23,NA,NA,NA,Na,27.268071,102.322652,1350,,China,Sichuan,Jinsha,rainfall,,hillslope,,,,,,https://link.springer.com/article/10.1007/s10064-019-01667-z,,,
242,Tongzilin,2017,2017,8,8,4:00:00,27.451806,102.451257,2918,27.469297,102.479027,1505,Observation,China,Sichuan,,rainfall,drought,hillslope,,,1490000,1415000,,https://link.springer.com/article/10.1007/s11069-021-04834-2,,,
101,,1987,1987,7,2,2:30:00,27.593825,102.646108,2172,27.594853,102.630646,1565,Observation,China,Sichuan,,,,hillslope,,,,,,https://www.frontiersin.org/articles/10.3389/feart.2020.627070/full,,,
128,,1997,1997,NA,NA,NA,27.593825,102.646108,2172,27.594853,102.630646,1565,Observation,China,Sichuan,,,,hillslope,,,,,,https://www.frontiersin.org/articles/10.3389/feart.2020.627070/full,,,
146,,2006,2006,NA,NA,NA,27.593825,102.646108,2172,27.594853,102.630646,1565,Observation,China,Sichuan,,,,hillslope,,,,,,https://www.frontiersin.org/articles/10.3389/feart.2020.627070/full,,,
231,,2016,2016,NA,NA,NA,27.593825,102.646108,2172,27.594853,102.630646,1565,Observation,China,Sichuan,,,,hillslope,,,,,,https://www.frontiersin.org/articles/10.3389/feart.2020.627070/full,,,
241,,2017,2017,NA,NA,NA,27.593825,102.646108,2172,27.594853,102.630646,1565,Observation,China,Sichuan,,,,hillslope,,,,,,https://www.frontiersin.org/articles/10.3389/feart.2020.627070/full,,,
261,,2020,2020,8,30,19:30:00,29.147855,102.908153,1695,29.150432,102.870433,820,,China,Sichuan,,rainfall,,hillslope,,"landslide dammed lake, LLOF, landslides",,3200000,1937,"https://link.springer.com/article/10.1007/s10346-022-02022-2, https://blogs.agu.org/landslideblog/2023/01/25/azijue-1/",,,
64,Liziyida,1981,1981,7,9,1:47:00,29.166042,102.93714,2350,29.209357,102.892847,780,,China,,,,,hillslope,,,,,,"Debris flows and their prevention, Bangxing et al. n.d.",https://en.wikipedia.org/wiki/1981_Chengdu%E2%80%93Kunming_rail_crash,,
211,Aizi,2012,2012,6,28,,27.183203,102.808649,2767,27.182152,102.901383,700,Observation,China,Sichuan,,rainfall,"seismic, drought",hillslope,,,,5740000,971,"https://link.springer.com/article/10.1007/s11629-017-4375-1, https://link.springer.com/article/10.1007/s11629-019-5388-9, https://www.mdpi.com/2073-4441/14/19/3045",,,
69,,1983,1983,5,22,NA,31.484133,103.093228,3962,31.449881,103.098373,2600,,China,Sichuan,,rainfall,,periglacial terrain,,landslide,,,,"Debris flows and their prevention, Bangxing et al. n.d.",,,
30,NA,1919,1919,NA,NA,NA,26.271592,103.17635,2150,26.279049,103.107648,1043,Observation,China,Sichuan,Jiang,unknown,,"hillslope, gully",,landslide dammed lake,,,,https://lib.icimod.org/record/21565,,,
32,NA,1937,1937,NA,NA,NA,26.271592,103.17635,2150,26.279049,103.107648,1043,Observation,China,Sichuan,Jiang,NA,,"hillslope, gully",,landslide dammed lake,,,,https://lib.icimod.org/record/21565,,,
33,,1949,1949,NA,NA,NA,26.271592,103.17635,2150,26.279049,103.107648,1043,,China,,Jiang,NA,,"hillslope, gully",,landslide dammed lake,,,,https://lib.icimod.org/record/21565,,,
38,,1954,1954,NA,NA,NA,26.271592,103.17635,2150,26.279049,103.107648,1043,,China,,Jiang,NA,,"hillslope, gully",,landslide dammed lake,,,,https://lib.icimod.org/record/21565,,,
40,,1961,1961,NA,NA,NA,26.271592,103.17635,2150,26.279049,103.107648,1043,,China,,Jiang,NA,,"hillslope, gully",,landslide dammed lake,,,,https://lib.icimod.org/record/21565,,,
44,,1964,1964,NA,NA,NA,26.271592,103.17635,2150,26.279049,103.107648,1043,,China,,Jiang,NA,,"hillslope, gully",,landslide dammed lake,,,,https://lib.icimod.org/record/21565,,,
49,,1968,1968,NA,NA,NA,26.271592,103.17635,2150,26.279049,103.107648,1043,,China,,Jiang,NA,,"hillslope, gully",,landslide dammed lake,,,,https://lib.icimod.org/record/21565,,,
238,Xiongmao,1995,1995,NA,NA,NA,NA,NA,NA,30.974506,103.122158,2100,,China,,,unkknown,,hillslope,,,,,,https://www.mdpi.com/2073-4441/12/2/552,,,
239,Xiongmao,1998,1998,NA,NA,NA,NA,NA,NA,30.974506,103.122158,2100,,China,,,unkknown,,hillslope,,,,,,https://www.mdpi.com/2073-4441/12/2/552,,,
240,Xiongmao,2004,2004,NA,NA,NA,NA,NA,NA,30.974506,103.122158,2100,,China,,,unkknown,,hillslope,,,,,,https://www.mdpi.com/2073-4441/12/2/552,,,
237,Xiongmao,2016,2016,7,26,16:00:00,30.945276,103.136479,2643,30.974506,103.122158,2100,,China,,,rainfall,,hillslope,,"landslide dammed lake, LLOF",,,,https://www.mdpi.com/2073-4441/12/2/552,,,
77,,1984,1984,6,14,,26.271592,103.17635,2150,26.25254,103.123101,1238,,China,,Jiang,rainfall,,"hillslope, gully",,,,,,https://lib.icimod.org/record/21565,,,
117,,1992,1992,6,17,,26.271592,103.17635,2150,26.25254,103.123101,1238,,China,,Jiang,NA,,"hillslope, gully",,,,464374,,10.5281/zenodo.5027515,,,
118,,1992,1992,6,22,,26.271592,103.17635,2150,26.25254,103.123101,1238,,China,,Jiang,NA,,"hillslope, gully",,,,93698,,10.5281/zenodo.5027515,,,
119,,1992,1992,7,6,,26.271592,103.17635,2150,26.25254,103.123101,1238,,China,,Jiang,NA,,"hillslope, gully",,,,62004,,10.5281/zenodo.5027515,,,
120,,1992,1992,7,17,,26.271592,103.17635,2150,26.25254,103.123101,1238,,China,,Jiang,NA,,"hillslope, gully",,,,356220,,10.5281/zenodo.5027515,,,
121,,1992,1992,7,21,,26.271592,103.17635,2150,26.25254,103.123101,1238,,China,,Jiang,NA,,"hillslope, gully",,,,365484,,10.5281/zenodo.5027515,,,
129,,1997,1997,7,7,,26.271592,103.17635,2150,26.25254,103.123101,1238,,China,,Jiang,NA,,"hillslope, gully",,,,479037,,10.5281/zenodo.5027515,,,
131,,1998,1998,7,9,,26.271592,103.17635,2150,26.25254,103.123101,1238,,China,,Jiang,NA,,"hillslope, gully",,,,866657,,10.5281/zenodo.5027515,,,
132,,1998,1998,7,13,,26.271592,103.17635,2150,26.25254,103.123101,1238,,China,,Jiang,NA,,"hillslope, gully",,,,145255,,10.5281/zenodo.5027515,,,
133,,1998,1998,7,17,,26.271592,103.17635,2150,26.25254,103.123101,1238,,China,,Jiang,NA,,"hillslope, gully",,,,245502,,10.5281/zenodo.5027515,,,
134,,1998,1998,8,4,,26.271592,103.17635,2150,26.25254,103.123101,1238,,China,,Jiang,NA,,"hillslope, gully",,,,78551,,10.5281/zenodo.5027515,,,
135,,1998,1998,8,7,,26.271592,103.17635,2150,26.25254,103.123101,1238,,China,,Jiang,NA,,"hillslope, gully",,,,211829,,10.5281/zenodo.5027515,,,
160,,2007,2007,7,24,3:53:00,26.271592,103.17635,2150,26.25254,103.123101,1238,,China,,Jiang,rainfall,,"hillslope, gully",,,,39672,7046.6,https://www.frontiersin.org/articles/10.3389/feart.2021.660655/full,,,
161,,2007,2007,7,25,14:24:00,26.271592,103.17635,2150,26.25254,103.123101,1238,,China,,Jiang,rainfall,,"hillslope, gully",,,,109072,22769.4,https://www.frontiersin.org/articles/10.3389/feart.2021.660655/full,,,
169,,2008,2008,7,5,6:26:00,26.271592,103.17635,2150,26.25254,103.123101,1238,,China,,Jiang,rainfall,,"hillslope, gully",,,,37944,7614.9,https://www.frontiersin.org/articles/10.3389/feart.2021.660655/full,,,
170,,2008,2008,7,11,6:48:00,26.271592,103.17635,2150,26.25254,103.123101,1238,,China,,Jiang,rainfall,,"hillslope, gully",,,,95736,6078.3,https://www.frontiersin.org/articles/10.3389/feart.2021.660655/full,,,
196,,2010,2010,7,17,20:39:00,26.271592,103.17635,2150,26.25254,103.123101,1238,,China,,Jiang,rainfall,,"hillslope, gully",,,,36277,4036.4,https://www.frontiersin.org/articles/10.3389/feart.2021.660655/full,,,
219,,2013,2013,6,7,3:45:00,26.271592,103.17635,2150,26.25254,103.123101,1238,,China,,Jiang,rainfall,,"hillslope, gully",,,,45484,3093.9,https://www.frontiersin.org/articles/10.3389/feart.2021.660655/full,,,
249,,2017,2017,7,3,1:50:00,26.271592,103.17635,2150,26.25254,103.123101,1238,,China,,Jiang,rainfall,,"hillslope, gully",,,,387053,3629,https://www.frontiersin.org/articles/10.3389/feart.2021.660655/full,,,
250,,2017,2017,7,7,3:50:00,26.271592,103.17635,2150,26.25254,103.123101,1238,,China,,Jiang,rainfall,,"hillslope, gully",,,,57766,3962.7,https://www.frontiersin.org/articles/10.3389/feart.2021.660655/full,,,
171,,2008,2008,5,12,,31.048278,103.452199,1544,31.045502,103.47309,880,,China,Sichuan,Jiang,rainfall,earthquake,hillslope,,landslide dammed lake,,,,https://iopscience.iop.org/article/10.1088/1755-1315/861/6/062044/pdf,,,
164,,2008,2008,5,12,,NA,NA,NA,31.045167,103.473382,870,,China,,Jiang,rainfall,earthquake,hillslope,,,,,,https://doi.org/10.3390/app13021161,,,
165,,2008,2008,6,27,,NA,NA,NA,31.045167,103.473382,870,,China,,Jiang,rainfall,earthquake,hillslope,,,,,,https://doi.org/10.3390/app13021161,,,
166,,2008,2008,8,22,,NA,NA,NA,31.045167,103.473382,870,,China,,Jiang,rainfall,earthquake,hillslope,,,,,,https://doi.org/10.3390/app13021161,,,
167,,2008,2008,9,29,,NA,NA,NA,31.045167,103.473382,870,,China,,Jiang,rainfall,earthquake,hillslope,,,,,,https://doi.org/10.3390/app13021161,,,
168,,2008,2008,10,14,,NA,NA,NA,31.045167,103.473382,870,,China,,Jiang,rainfall,earthquake,hillslope,,,,,,https://doi.org/10.3390/app13021161,,,
178,,2009,2009,7,21,,NA,NA,NA,31.045167,103.473382,870,,China,,Jiang,rainfall,earthquake,hillslope,,,,,,https://doi.org/10.3390/app13021161,,,
179,,2009,2009,8,22,,NA,NA,NA,31.045167,103.473382,870,,China,,Jiang,rainfall,earthquake,hillslope,,,,,,https://doi.org/10.3390/app13021161,,,
194,,2010,2010,7,15,,NA,NA,NA,31.045167,103.473382,870,,China,,Jiang,rainfall,earthquake,hillslope,,,,,,https://doi.org/10.3390/app13021161,,,
195,,2010,2010,8,14,,NA,NA,NA,31.045167,103.473382,870,,China,,Jiang,rainfall,earthquake,hillslope,,,,414000,433.9,https://doi.org/10.3390/app13021161,,,
206,,2011,2011,7,4,,NA,NA,NA,31.045167,103.473382,870,,China,,Jiang,rainfall,earthquake,hillslope,,,,,,,,,
207,,2011,2011,8,21,,NA,NA,NA,31.045167,103.473382,870,,China,,Jiang,rainfall,earthquake,hillslope,,,,,,,,,
213,,2012,2012,8,18,,NA,NA,NA,31.045167,103.473382,870,,China,,Jiang,rainfall,earthquake,hillslope,,,,,,,,,
218,,2013,2013,1,10,,NA,NA,NA,31.045167,103.473382,870,,China,,Jiang,rainfall,earthquake,hillslope,,,,,,,,,
172,Guanshan,2008,2008,8,NA,NA,31.103504,103.452302,2500,31.104253,103.476664,940,,China,Sichuan,Jiang,rainfall,earthquake,hillslope,,landslide dammed lake,,,,https://iopscience.iop.org/article/10.1088/1755-1315/861/6/062044/pdf,,,
180,Guanshan,2009,2009,NA,NA,NA,31.103504,103.452302,2500,31.104253,103.476664,940,,China,Sichuan,Jiang,rainfall,earthquake,hillslope,,landslide dammed lake,,,,https://iopscience.iop.org/article/10.1088/1755-1315/861/6/062044/pdf,,,
197,Guanshan,2010,2010,8,1,NA,31.103504,103.452302,2500,31.104253,103.476664,940,,China,Sichuan,Jiang,rainfall,earthquake,hillslope,,landslide dammed lake,,,,https://iopscience.iop.org/article/10.1088/1755-1315/861/6/062044/pdf,,,
269,,2022,2022,8,19,2:00:00,31.145417,103.405803,2700,31.116176,103.482195,960,,China,Sichuan,Minjiang,rainfall,,hillslope,,,,,,https://egusphere.copernicus.org/preprints/2023/egusphere-2023-2015/egusphere-2023-2015.pdf,,,
173,Mozi,2008,2008,7,14,,31.157329,103.450043,2700,31.153002,103.483505,1000,,China,Sichuan,Jiang,rainfall,earthquake,hillslope,,landslide dammed lake,,,,https://rosa.uniroma1.it/rosa02/engineering_geology_environment/article/view/1331/1226,,,
174,Mozi,2008,2008,8,6,,31.157329,103.450043,2700,31.153002,103.483505,1000,,China,Sichuan,Jiang,rainfall,earthquake,hillslope,,,,,,https://rosa.uniroma1.it/rosa02/engineering_geology_environment/article/view/1331/1226,,,
175,Mozi,2008,2008,9,24,,31.157329,103.450043,2700,31.153002,103.483505,1000,,China,Sichuan,Jiang,rainfall,earthquake,hillslope,,,,,,https://rosa.uniroma1.it/rosa02/engineering_geology_environment/article/view/1331/1226,,,
181,Mozi,2009,2009,9,13,,31.157329,103.450043,2700,31.153002,103.483505,1000,,China,Sichuan,Jiang,rainfall,earthquake,hillslope,,,,,,https://rosa.uniroma1.it/rosa02/engineering_geology_environment/article/view/1331/1226,,,
182,Mozi,2009,2009,9,14,,31.157329,103.450043,2700,31.153002,103.483505,1000,,China,Sichuan,Jiang,rainfall,earthquake,hillslope,,,,,,https://rosa.uniroma1.it/rosa02/engineering_geology_environment/article/view/1331/1226,,,
183,Mozi,2009,2009,9,20,,31.157329,103.450043,2700,31.153002,103.483505,1000,,China,Sichuan,Jiang,rainfall,earthquake,hillslope,,,,,,https://rosa.uniroma1.it/rosa02/engineering_geology_environment/article/view/1331/1226,,,
184,Mozi,2009,2009,9,26,,31.157329,103.450043,2700,31.153002,103.483505,1000,,China,Sichuan,Jiang,rainfall,earthquake,hillslope,,,,,,https://rosa.uniroma1.it/rosa02/engineering_geology_environment/article/view/1331/1226,,,
185,Mozi,2009,2009,8,17,,31.157329,103.450043,2700,31.153002,103.483505,1000,,China,Sichuan,Jiang,rainfall,earthquake,hillslope,,landslide dammed lake,,900000,,https://rosa.uniroma1.it/rosa02/engineering_geology_environment/article/view/1331/1226,,,
220,Mozi,2013,2013,7,14,,31.157329,103.450043,2700,31.153002,103.483505,1000,,China,Sichuan,Jiang,rainfall,earthquake,hillslope,,landslide dammed lake,,,,https://iopscience.iop.org/article/10.1088/1755-1315/861/6/062044/pdf,,,
35,,1952,1952,NA,NA,NA,31.214391,103.44061,2190,31.222873,103.483587,1100,,China,Sichuan,Minjiang,,,hillslope,,,,,,https://www.nature.com/articles/s41598-021-03125-x,,,
208,,2011,2011,7,20,,31.214391,103.44061,2190,31.222873,103.483587,1100,,China,Sichuan,Minjiang,rainfall,,hillslope,,landslide dammed lake,,529000,,https://www.nature.com/articles/s41598-021-03125-x,,,
209,,2011,2011,7,3,,31.214391,103.44061,2190,31.222873,103.483587,1100,,China,Sichuan,Minjiang,rainfall,,hillslope,,,,15000,,https://www.nature.com/articles/s41598-021-03125-x,,,
258,,2019,2019,8,20,2:00:00,31.214391,103.44061,2190,31.222873,103.483587,1100,,China,Sichuan,Minjiang,rainfall,,hillslope,,landslide dammed lake,,638000,,https://www.nature.com/articles/s41598-021-03125-x,,,
202,Hongchun,2010,2010,8,14,,31.080301,103.518279,2030,31.065749,103.492803,913,,China,Sichuan,Jiang,rainfall,earthquake,hillslope,,,,,,https://link.springer.com/article/10.1007/s11069-013-0883-8,,,
210,Hongchun,2011,2011,8,21,,31.080301,103.518279,2030,31.065749,103.492803,913,,China,Sichuan,Jiang,rainfall,earthquake,hillslope,,,,,,https://link.springer.com/article/10.1007/s11069-013-0883-8,,,
268,,2022,2022,8,19,3:00:00,31.264943,103.554292,2640,31.237173,103.493434,1090,,China,Sichuan,Minjiang,rainfall,,hillslope,,,,,,https://egusphere.copernicus.org/preprints/2023/egusphere-2023-2015/egusphere-2023-2015.pdf,,,
203,Bayi,2010,2010,8,13,,31.086356,103.539254,2012,31.052445,103.538477,870,,China,Sichuan,Jiang,rainfall,earthquake,hillslope,,,,,,https://link.springer.com/article/10.1007/s11069-013-0883-8,,,
204,Bayi,2010,2010,8,19,,31.086356,103.539254,2012,31.052445,103.538477,870,,China,Sichuan,Jiang,rainfall,earthquake,hillslope,,,,,,https://link.springer.com/article/10.1007/s11069-013-0883-8,,,
222,Qipang,2013,2013,7,13,3:00:00,31.382691,103.596696,2740,31.447659,103.545435,1320,Observation,China,Sichuan,Minjiang,rainfall,earthquake,hillslope,,landslide dammed lake,,,,DOI: 10.1080/02723646.2016.1169477,,,
280,Longtanbao,1999,1999,6,16,,32.416005,103.66337,3700,32.427728,103.688675,2700,Observation,China,Sichuan,,Unknown,,hillslope,,,,,,https://www.sciencedirect.com/science/article/abs/pii/S0341816222000728?via%3Dihub,,,
147,,2006,2006,8,4,,33.159737,103.956951,4130,33.147005,103.922395,2480,Observation,China,,,,,"hillslope, gully",,,,13900,,https://www.mdpi.com/2073-4441/12/5/1256,,,
162,,2008,2008,7,,,33.159737,103.956951,4130,33.147005,103.922395,2480,Observation,China,,,,,"hillslope, gully",,,,,,https://www.mdpi.com/2073-4441/12/5/1256,,,
243,,2017,2017,9,,,33.159737,103.956951,4130,33.147005,103.922395,2480,Observation,China,,,rainfall,,"hillslope, gully",,,,,,https://www.mdpi.com/2073-4441/12/5/1256,,,
257,,2019,2019,6,21,3:00:00,33.159737,103.956951,4130,33.147005,103.922395,2480,Observation,China,,,rainfall,,"hillslope, gully",,,,230000,,https://www.mdpi.com/2073-4441/12/5/1256,,,
282,Zhujia,2013,2013,7,22,,34.489659,104.014718,2700,34.44673,104.03384,2311,Observation,China,Gansu,,rainfall,,hillslope,,,,,,https://pubs.geoscienceworld.org/gsa/lithosphere/article/2021/Special%204/2123272/611653/Risk-Assessment-of-Debris-Flows-in-Small,,,
198,Wenjia,2010,2010,8,13,,31.555007,104.145206,1650,31.552165,104.116106,890,,China,Sichuan,Jiang,rainfall,earthquake,hillslope,,landslide dammed lake,,,,"https://link.springer.com/article/10.1007/s11069-013-0883-8, https://link.springer.com/article/10.1007/s11629-014-3080-7",,,
199,Wenjia,2010,2010,7,31,,31.555007,104.145206,1650,31.552165,104.116106,890,,China,Sichuan,Jiang,rainfall,earthquake,hillslope,,,,,,https://link.springer.com/article/10.1007/s11069-013-0883-8,,,
200,Wenjia,2010,2010,8,19,,31.555007,104.145206,1650,31.552165,104.116106,890,,China,Sichuan,Jiang,rainfall,earthquake,hillslope,,,,,,https://link.springer.com/article/10.1007/s11069-013-0883-8,,,
214,Wenjia,2012,2012,8,14,,31.555007,104.145206,1650,31.552165,104.116106,890,,China,Sichuan,Jiang,rainfall,earthquake,hillslope,,,,,,https://link.springer.com/article/10.1007/s11069-013-0883-8,,,
215,Wenjia,2012,2012,8,17,,31.555007,104.145206,1650,31.552165,104.116106,890,,China,Sichuan,Jiang,rainfall,earthquake,hillslope,,,,,,https://link.springer.com/article/10.1007/s11069-013-0883-8,,,
216,Zoumalin,2012,2012,8,17,,NA,NA,NA,31.567681,104.116118,915,,China,Sichuan,Jiang,rainfall,earthquake,hillslope,,,,,,https://repository.mines.edu/bitstream/handle/11124/173178/04-04_Liu.pdf?sequence=1,,,
221,Zoumalin,2013,2013,7,8,,NA,NA,NA,31.567681,104.116118,915,,China,Sichuan,Jiang,rainfall,earthquake,hillslope,,,,,,https://repository.mines.edu/bitstream/handle/11124/173178/04-04_Liu.pdf?sequence=1,,,
279,Longda,2011,2011,7,21,19:00:00,32.601438,104.084379,2900,32.575453,104.12367,1400,Observation,China,Sichuan,,rainfall,,hillslope,,landslide dammed lake,,330000,462,https://link.springer.com/article/10.1007/s11629-013-2414-1,,,
186,,2010,2010,8,7,24:00:00,,,,33.785384,104.369979,1350,,China,,,Rainfall,deforestation,,,,,7500000,,https://agupubs.onlinelibrary.wiley.com/doi/10.1002/2013JD020881,,,
176,Dashui,2008,2008,6,14,,31.831358,104.430272,1500,31.842751,104.430449,680,,China,Sichuan,Jiang,rainfall,earthquake,hillslope,,landslide dammed lake,,,,https://link.springer.com/article/10.1007/s11069-013-0883-8,,,
177,Dashui,2008,2008,9,23,,31.831358,104.430272,1500,31.842751,104.430449,680,,China,Sichuan,Jiang,rainfall,earthquake,hillslope,,landslide dammed lake,,,,https://link.springer.com/article/10.1007/s11069-013-0883-8,,,
267,,2022,2022,7,12,5:00:00,32.735603,104.487516,3277,32.608379,104.519595,1269,,China,Sichuan,Duobo,rainfall,"drought, strong freeze thaw cycle",hillslope,,,,,4968,this study,,,
51,,1969,1969,NA,NA,NA,NA,NA,NA,33.578214,104.820708,1930,,China,Gansu,,,landslide dammed lake,hillslope,,,,,,http://www.interpraevent.at/palm-cms/upload_files/Publikationen/Tagungsbeitraege/1988_2_269.pdf,,,
41,Longdaco,1964,1964,8,25,,28.569,85.457,4504,NA,NA,NA,,China,TAR,Gyirong,ice avalanche,,lake,GLOF,,,3600000,3100,10.2747/0272-3646.31.6.508,,,
302,Longda Co,1964,1964,8,25,,28.569,85.457,4504,NA,NA,NA,NA,China,TAR,,lake drainage,,"lake, periglacial terrain",GLOF,,,,,"(Shrestha et al., 2023)",,,
52,Qongbixiaco,1970,1970,7,10,,27.654,88.858,4660,NA,NA,NA,,China,TAR,Kangbuqu,ice fall,,lake,GLOF,,,333000,,10.2747/0272-3646.31.6.508,,,
317,Gohna lake,1970,1970,7,20,,30.372875,79.491123,1519,NA,NA,NA,NA,India,Uttarakhand,,landslide dam,landslide,lake,,,,,,https://link.springer.com/article/10.1007/s11629-006-0228-0,,,
56,Pogeco,1972,1972,8,23,,31.74,94.73,4520,NA,NA,NA,,China,TAR,Suo/Xibaxiaqu ,ice avalanche,,lake,GLOF,,,1330000,,10.2747/0272-3646.31.6.512,,,
322,Gohna lake,1894,1994,8,26,,30.372875,79.491123,1519,NA,NA,NA,NA,India,Uttarakhand,,landslide dam,landslide,lake,,,,,,https://www.currentscience.ac.in/Volumes/105/09/1209.pdf,,,
139,Degaco,2002,2002,9,18,,28.453,90.621,5280,NA,NA,NA,,China,TAR,Luozhaxiongqu,ice avalanche,,lake,GLOF,,,140000,,10.2747/0272-3646.31.6.513,,,
307,Poge Co,2002,2002,9,18,,28.453,90.621,5280,NA,NA,NA,NA,China,TAR,Luozhaxiongqu,lake drainage,,"lake, periglacial terrain",GLOF,,,,,"(Shrestha et al., 2023)",,,
187,Hanyuan in Ya an,2010,2010,7,27,5:00:00,,,,NA,NA,NA,,China,,,Rainfall,,,,,,100000,,,https://link.springer.com/article/10.1007/s11629-014-3080-7,,
188,Huixian in Longnan,2010,2010,8,12,,,,,NA,NA,NA,,China,,,,,,,,,,,,,,
335,,2017,2017,7,16,,30.919426,79.072887,4440,NA,NA,NA,Reports,India,,,"Rainfall, Glacier Melt",,,,Landslide dammed lake,,,,https://doi.org/10.1080/2150704X.2018.1484956,,,
314,Jinwu Co,2020,2020,6,26,,30.356,93.631,4447,NA,NA,NA,NA,China,TAR,Yigong Zangbo,"lake drainage, High temperatures; intense rainfall",,"lake, periglacial terrain","GLOF, landslide",,,,,"(Shrestha et al., 2023)",,,
60,,1976,1976,7,25,,,,,,,,,China,,,,,,,,,8000000,,"Feng, L. and Chen, X., 2009, Practical Research on Quantitative Calculation of Debris Flow Magnitude and Disaster Intensity, Enviromental Geology, 57: 863-871.",,,
65,,1982,1982,8,6,,,,,,,,,China,,,,,,,,,870000,,"Feng, L. and Chen, X., 2009, Practical Research on Quantitative Calculation of Debris Flow Magnitude and Disaster Intensity, Enviromental Geology, 57: 863-871.",,,
113,,1991,1991,7,26,,,,,,,,Reports,China,TAR,,,,,,,,,,"Debris-flow distribution and hazards along the Sichuan-Tibet and Sino-Nepal highway, Tibet, China",,,
347,,1993,1993,7,,,,,,,,,Reports,Nepal,,,Intense rainfall,,,,,,,,,,,
140,,2003,2003,10,20,,,,,,,,,China,,,,,,,,,700000,,"Feng, L. and Chen, X., 2009, Practical Research on Quantitative Calculation of Debris Flow Magnitude and Disaster Intensity, Enviromental Geology, 57: 863-871.",,,
385,,2006,2006,7,3,,,,,,,,,Pakistan,,,Rainfall,,,,,,,,,https://reliefweb.int/report/pakistan/pakistan-mudslide-ocha-situation-report-no-1,,
262,Rongxer,2021,2021,6,15,,,,,,,,,China,,,,,,,,,,,,,,
341,Chamoli,2021,2021,2,7,,,,,,,,,India,Uttarakhand,,Unknown,"rockwall failure, previous debris deposits",glaciated headwall,Ice-Rock-Avalanche,,,27000000,,,,,
,,,,,,,,,,,,,,,,,,,,,,,,,,,,
,,,,,,,,,,,,,,,,,,,,,,,,,,,,
,,,,,,,,,,,,,,,,,,,,,,,,,,,,
,,,,,,,,,,,,,,,,,,,,,,,,,,,,
,,,,,,,,,,,,,,,,,,,,,,,,,,,,
,,,,,,,,,,,,,,,,,,,,,,,,,,,,
